Workbook
Name Segment_An: #N/A
Name Segment_An1: #N/A
Name Segment_An2: #N/A
Name Segment_Mois: #N/A
Name Segment_Mois1: #N/A
Name Segment_Mois2: #N/A
Name Segment_Mois3: #N/A

Sheet Feuil2
A1: Date | B1: Section | C1: Type d'intervention | D1: Machine | E1: Code | F1: Partie Machine | G1: Intervention | H1: TA (min) | I1: Résultat
A2: 43496 | B2: =IF(ISNA(VLOOKUP(Tableau1[[#This Row],[Code]],'Code Véhicule'!$A$4:$C$85,2,FALSE))," ",VLOOKUP(Tableau1[[#This Row],[Code]],'Code Véhicule'!$A$4:$C$85,2,FALSE)) | C2: Réglage | D2: =IF(ISNA(VLOOKUP(Tableau1[[#This Row],[Code]],'Code Véhicule'!$A$4:$C$85,3,FALSE))," ",VLOOKUP(Tableau1[[#This Row],[Code]],'Code Véhicule'!$A$4:$C$85,3,FALSE)) | E2: 560 | F2: Cisaille | G2: Réglage de la pression de l'air pour l'ajustement des cames de la cisaille | I2: Came ajustée Machine opérationelle
A3: 43496 | B3: =IF(ISNA(VLOOKUP(Tableau1[[#This Row],[Code]],'Code Véhicule'!$A$4:$C$85,2,FALSE))," ",VLOOKUP(Tableau1[[#This Row],[Code]],'Code Véhicule'!$A$4:$C$85,2,FALSE)) | C3: Réparation | D3: =IF(ISNA(VLOOKUP(Tableau1[[#This Row],[Code]],'Code Véhicule'!$A$4:$C$85,3,FALSE))," ",VLOOKUP(Tableau1[[#This Row],[Code]],'Code Véhicule'!$A$4:$C$85,3,FALSE)) | E3: 582 | F3: Cassette PR 3,20 | G3: Nettoyage, démontage de la cassette 3,20 - changement des roulement endommagés | I3: Cassette opérationnelle
A4: 43496 | B4: =IF(ISNA(VLOOKUP(Tableau1[[#This Row],[Code]],'Code Véhicule'!$A$4:$C$85,2,FALSE))," ",VLOOKUP(Tableau1[[#This Row],[Code]],'Code Véhicule'!$A$4:$C$85,2,FALSE)) | C4: Contrôle | D4: =IF(ISNA(VLOOKUP(Tableau1[[#This Row],[Code]],'Code Véhicule'!$A$4:$C$85,3,FALSE))," ",VLOOKUP(Tableau1[[#This Row],[Code]],'Code Véhicule'!$A$4:$C$85,3,FALSE)) | E4: 800 | F4: Groupe hydraulique | G4: Rajout d'huile hydraulique | I4: Niveau d'huile corrigé
A5: 43496 | B5: =IF(ISNA(VLOOKUP(Tableau1[[#This Row],[Code]],'Code Véhicule'!$A$4:$C$85,2,FALSE))," ",VLOOKUP(Tableau1[[#This Row],[Code]],'Code Véhicule'!$A$4:$C$85,2,FALSE)) | C5: Réparation | D5: =IF(ISNA(VLOOKUP(Tableau1[[#This Row],[Code]],'Code Véhicule'!$A$4:$C$85,3,FALSE))," ",VLOOKUP(Tableau1[[#This Row],[Code]],'Code Véhicule'!$A$4:$C$85,3,FALSE)) | E5: 700 | F5: Eclairage | G5: Détection du court circuit au niveau du circuit d'alimentation des ampoules se situant au dessus du malaxeur, changement des fils endommagé. | I5: Eclairage en bon état
A6: 43496 | B6: =IF(ISNA(VLOOKUP(Tableau1[[#This Row],[Code]],'Code Véhicule'!$A$4:$C$85,2,FALSE))," ",VLOOKUP(Tableau1[[#This Row],[Code]],'Code Véhicule'!$A$4:$C$85,2,FALSE)) | C6: Confection | D6: =IF(ISNA(VLOOKUP(Tableau1[[#This Row],[Code]],'Code Véhicule'!$A$4:$C$85,3,FALSE))," ",VLOOKUP(Tableau1[[#This Row],[Code]],'Code Véhicule'!$A$4:$C$85,3,FALSE)) | E6: 565 | F6: Electrodes | G6: Découpe +perçage des électrode en cuivre | I6: Préparation de 14 électrodes en cuivre prêtes à l'emploi
A7: 43496 | B7: =IF(ISNA(VLOOKUP(Tableau1[[#This Row],[Code]],'Code Véhicule'!$A$4:$C$85,2,FALSE))," ",VLOOKUP(Tableau1[[#This Row],[Code]],'Code Véhicule'!$A$4:$C$85,2,FALSE)) | C7: Vidange | D7: =IF(ISNA(VLOOKUP(Tableau1[[#This Row],[Code]],'Code Véhicule'!$A$4:$C$85,3,FALSE))," ",VLOOKUP(Tableau1[[#This Row],[Code]],'Code Véhicule'!$A$4:$C$85,3,FALSE)) | E7: 533 | F7: Mélangeur | G7: Vidange du réducteur du mélangeur | I7: Réducteur vidangé
A8: 43496 | B8: Gestion de stock | C8: Contrôle | D8: Grue à tour | F8: Treuil principal | G8: Diagnostic : Mesure d'isolement +mesure de continuité du motofrein montée descente | I8: Enroulement de la bobine du frein coupé - Démontage prévu: 01/02/2019 + Transmission vers CEDP pour réparation
A9: 43497 | B9: =IF(ISNA(VLOOKUP(Tableau1[[#This Row],[Code]],'Code Véhicule'!$A$4:$C$85,2,FALSE))," ",VLOOKUP(Tableau1[[#This Row],[Code]],'Code Véhicule'!$A$4:$C$85,2,FALSE)) | C9: Réparation | D9: =IF(ISNA(VLOOKUP(Tableau1[[#This Row],[Code]],'Code Véhicule'!$A$4:$C$85,3,FALSE))," ",VLOOKUP(Tableau1[[#This Row],[Code]],'Code Véhicule'!$A$4:$C$85,3,FALSE)) | E9: 571 | F9: Cisaille | G9: Elimination d'une fuite d'huile au niveau de la cisaille : changement d'un flexible hydraulique | I9: Fuite éliminée
A10: 43497 | B10: =IF(ISNA(VLOOKUP(Tableau1[[#This Row],[Code]],'Code Véhicule'!$A$4:$C$85,2,FALSE))," ",VLOOKUP(Tableau1[[#This Row],[Code]],'Code Véhicule'!$A$4:$C$85,2,FALSE)) | C10: Confection | D10: =IF(ISNA(VLOOKUP(Tableau1[[#This Row],[Code]],'Code Véhicule'!$A$4:$C$85,3,FALSE))," ",VLOOKUP(Tableau1[[#This Row],[Code]],'Code Véhicule'!$A$4:$C$85,3,FALSE)) | E10: 571 | F10: Electrodes | G10: Découpe + surfaçage des électrodes en cuivre | I10: Préparation de 20 éléctrodes en cuivres
A11: 43497 | B11: =IF(ISNA(VLOOKUP(Tableau1[[#This Row],[Code]],'Code Véhicule'!$A$4:$C$85,2,FALSE))," ",VLOOKUP(Tableau1[[#This Row],[Code]],'Code Véhicule'!$A$4:$C$85,2,FALSE)) | C11: Réparation | D11: =IF(ISNA(VLOOKUP(Tableau1[[#This Row],[Code]],'Code Véhicule'!$A$4:$C$85,3,FALSE))," ",VLOOKUP(Tableau1[[#This Row],[Code]],'Code Véhicule'!$A$4:$C$85,3,FALSE)) | E11: 700 | F11: Moule | G11: Changement du vérin du moule ( le premier avait une fuite au niveau du raccord) | I11: Fuite éliminée Vérin monté
A12: 43497 | B12: =IF(ISNA(VLOOKUP(Tableau1[[#This Row],[Code]],'Code Véhicule'!$A$4:$C$85,2,FALSE))," ",VLOOKUP(Tableau1[[#This Row],[Code]],'Code Véhicule'!$A$4:$C$85,2,FALSE)) | C12: Contrôle | D12: =IF(ISNA(VLOOKUP(Tableau1[[#This Row],[Code]],'Code Véhicule'!$A$4:$C$85,3,FALSE))," ",VLOOKUP(Tableau1[[#This Row],[Code]],'Code Véhicule'!$A$4:$C$85,3,FALSE)) | E12: 800 | F12: Descenseur | G12: Tension des chaines du descenseur | I12: Chaines tendue
A13: 43497 | B13: =IF(ISNA(VLOOKUP(Tableau1[[#This Row],[Code]],'Code Véhicule'!$A$4:$C$85,2,FALSE))," ",VLOOKUP(Tableau1[[#This Row],[Code]],'Code Véhicule'!$A$4:$C$85,2,FALSE)) | C13: Contrôle | D13: =IF(ISNA(VLOOKUP(Tableau1[[#This Row],[Code]],'Code Véhicule'!$A$4:$C$85,3,FALSE))," ",VLOOKUP(Tableau1[[#This Row],[Code]],'Code Véhicule'!$A$4:$C$85,3,FALSE)) | E13: 800 | F13: Cercleuse | G13: Soufflage des cercleuses et nettoyage de la tete chauffante | I13: Cercleuse opérationnelle
A14: 43497 | B14: =IF(ISNA(VLOOKUP(Tableau1[[#This Row],[Code]],'Code Véhicule'!$A$4:$C$85,2,FALSE))," ",VLOOKUP(Tableau1[[#This Row],[Code]],'Code Véhicule'!$A$4:$C$85,2,FALSE)) | C14: Réparation | D14: =IF(ISNA(VLOOKUP(Tableau1[[#This Row],[Code]],'Code Véhicule'!$A$4:$C$85,3,FALSE))," ",VLOOKUP(Tableau1[[#This Row],[Code]],'Code Véhicule'!$A$4:$C$85,3,FALSE)) | E14: 562 | F14: Alimentation générale | G14: Réarmement du disjoncteur général ( le disjoncteur est tombé à cause d'une collision entre deux ponts roulants) | I14: Disjoncteur réarmé - pont roulant opérationnel
A15: 43497 | B15: =IF(ISNA(VLOOKUP(Tableau1[[#This Row],[Code]],'Code Véhicule'!$A$4:$C$85,2,FALSE))," ",VLOOKUP(Tableau1[[#This Row],[Code]],'Code Véhicule'!$A$4:$C$85,2,FALSE)) | C15: Réparation | D15: =IF(ISNA(VLOOKUP(Tableau1[[#This Row],[Code]],'Code Véhicule'!$A$4:$C$85,3,FALSE))," ",VLOOKUP(Tableau1[[#This Row],[Code]],'Code Véhicule'!$A$4:$C$85,3,FALSE)) | E15: 565 | F15: Circuit de refroidissement | G15: Changement d'un flexible de refroidissement | I15: Circuit de refroidissement en bon état
A16: 43497 | B16: Usine | C16: Vidange | D16: Fosse séptique | G16: Vidange de la fosse séptique | I16: Fosse séptique vidangée La taille de la fosse est très petite environ 10 metre cube
A17: 43500 | B17: =IF(ISNA(VLOOKUP(Tableau1[[#This Row],[Code]],'Code Véhicule'!$A$4:$C$85,2,FALSE))," ",VLOOKUP(Tableau1[[#This Row],[Code]],'Code Véhicule'!$A$4:$C$85,2,FALSE)) | C17: Réparation | D17: =IF(ISNA(VLOOKUP(Tableau1[[#This Row],[Code]],'Code Véhicule'!$A$4:$C$85,3,FALSE))," ",VLOOKUP(Tableau1[[#This Row],[Code]],'Code Véhicule'!$A$4:$C$85,3,FALSE)) | E17: 800 | F17: Silo à ciment | G17: Montage des pièces du réducteur des vis à ciment | I17: Réducteur opérationel prêt à l'emploie
A18: 43500 | B18: Gestion de stock | C18: Démontage | D18: Grue à tour | F18: Treuil principal | G18: Démontage du frein endommagé de la grue à tour | I18: Attente CEDP pour réparation
A19: 43500 | B19: =IF(ISNA(VLOOKUP(Tableau1[[#This Row],[Code]],'Code Véhicule'!$A$4:$C$85,2,FALSE))," ",VLOOKUP(Tableau1[[#This Row],[Code]],'Code Véhicule'!$A$4:$C$85,2,FALSE)) | C19: Réparation | D19: =IF(ISNA(VLOOKUP(Tableau1[[#This Row],[Code]],'Code Véhicule'!$A$4:$C$85,3,FALSE))," ",VLOOKUP(Tableau1[[#This Row],[Code]],'Code Véhicule'!$A$4:$C$85,3,FALSE)) | E19: 581 | F19: Cassette PR 8 | G19: Changement de 6 roulement 32008 partie crantée + Zoomage | I19: Cassette opérationelle
A20: 43500 | B20: =IF(ISNA(VLOOKUP(Tableau1[[#This Row],[Code]],'Code Véhicule'!$A$4:$C$85,2,FALSE))," ",VLOOKUP(Tableau1[[#This Row],[Code]],'Code Véhicule'!$A$4:$C$85,2,FALSE)) | C20: Réparation | D20: =IF(ISNA(VLOOKUP(Tableau1[[#This Row],[Code]],'Code Véhicule'!$A$4:$C$85,3,FALSE))," ",VLOOKUP(Tableau1[[#This Row],[Code]],'Code Véhicule'!$A$4:$C$85,3,FALSE)) | E20: 580 | F20: Bobinoir | G20: Changement des boulons de fixation du bobinoir ( boulons endomagés)
A21: 43500 | B21: =IF(ISNA(VLOOKUP(Tableau1[[#This Row],[Code]],'Code Véhicule'!$A$4:$C$85,2,FALSE))," ",VLOOKUP(Tableau1[[#This Row],[Code]],'Code Véhicule'!$A$4:$C$85,2,FALSE)) | C21: Contrôle | D21: =IF(ISNA(VLOOKUP(Tableau1[[#This Row],[Code]],'Code Véhicule'!$A$4:$C$85,3,FALSE))," ",VLOOKUP(Tableau1[[#This Row],[Code]],'Code Véhicule'!$A$4:$C$85,3,FALSE)) | E21: 533 | F21: Mélangeur | G21: Elimination d'une fuite au niveau du réducteur du mélangeur | I21: Fuite éliminée -Bruit anormal au niveau du réducteur Prévoir un arrêt pour vérification du réducteur
A22: 43500 | B22: =IF(ISNA(VLOOKUP(Tableau1[[#This Row],[Code]],'Code Véhicule'!$A$4:$C$85,2,FALSE))," ",VLOOKUP(Tableau1[[#This Row],[Code]],'Code Véhicule'!$A$4:$C$85,2,FALSE)) | C22: Réglage | D22: =IF(ISNA(VLOOKUP(Tableau1[[#This Row],[Code]],'Code Véhicule'!$A$4:$C$85,3,FALSE))," ",VLOOKUP(Tableau1[[#This Row],[Code]],'Code Véhicule'!$A$4:$C$85,3,FALSE)) | E22: 607 | F22: Devidoir | G22: Réglage du potentiométre du devidoir + changement des silents blocs du danseur | I22: Machine opérationelle
A23: 43500 | B23: =IF(ISNA(VLOOKUP(Tableau1[[#This Row],[Code]],'Code Véhicule'!$A$4:$C$85,2,FALSE))," ",VLOOKUP(Tableau1[[#This Row],[Code]],'Code Véhicule'!$A$4:$C$85,2,FALSE)) | C23: Réglage | D23: =IF(ISNA(VLOOKUP(Tableau1[[#This Row],[Code]],'Code Véhicule'!$A$4:$C$85,3,FALSE))," ",VLOOKUP(Tableau1[[#This Row],[Code]],'Code Véhicule'!$A$4:$C$85,3,FALSE)) | E23: 605 | F23: Guide fil | G23: Dressage des barres du guides fils | I23: Machine opérationelle
A24: 43500 | B24: =IF(ISNA(VLOOKUP(Tableau1[[#This Row],[Code]],'Code Véhicule'!$A$4:$C$85,2,FALSE))," ",VLOOKUP(Tableau1[[#This Row],[Code]],'Code Véhicule'!$A$4:$C$85,2,FALSE)) | C24: Réparation | D24: =IF(ISNA(VLOOKUP(Tableau1[[#This Row],[Code]],'Code Véhicule'!$A$4:$C$85,3,FALSE))," ",VLOOKUP(Tableau1[[#This Row],[Code]],'Code Véhicule'!$A$4:$C$85,3,FALSE)) | E24: 568 | F24: Moteur de levage | G24: Montage du frein (Monté-Descente) | I24: Pont roulant opérationel
A25: 43501 | B25: =IF(ISNA(VLOOKUP(Tableau1[[#This Row],[Code]],'Code Véhicule'!$A$4:$C$85,2,FALSE))," ",VLOOKUP(Tableau1[[#This Row],[Code]],'Code Véhicule'!$A$4:$C$85,2,FALSE)) | C25: Confection | D25: =IF(ISNA(VLOOKUP(Tableau1[[#This Row],[Code]],'Code Véhicule'!$A$4:$C$85,3,FALSE))," ",VLOOKUP(Tableau1[[#This Row],[Code]],'Code Véhicule'!$A$4:$C$85,3,FALSE)) | E25: 571 | F25: Electrodes | G25: Découpe électrodes en cuivre | I25: 10 électrodes prêtes pour le surfaçage
A26: 43501 | B26: =IF(ISNA(VLOOKUP(Tableau1[[#This Row],[Code]],'Code Véhicule'!$A$4:$C$85,2,FALSE))," ",VLOOKUP(Tableau1[[#This Row],[Code]],'Code Véhicule'!$A$4:$C$85,2,FALSE)) | C26: Réparation | D26: =IF(ISNA(VLOOKUP(Tableau1[[#This Row],[Code]],'Code Véhicule'!$A$4:$C$85,3,FALSE))," ",VLOOKUP(Tableau1[[#This Row],[Code]],'Code Véhicule'!$A$4:$C$85,3,FALSE)) | E26: 560 | F26: Circuit de refroidissement | G26: Changement d'un flexible de refroidissement | I26: RAS
A27: 43501 | B27: =IF(ISNA(VLOOKUP(Tableau1[[#This Row],[Code]],'Code Véhicule'!$A$4:$C$85,2,FALSE))," ",VLOOKUP(Tableau1[[#This Row],[Code]],'Code Véhicule'!$A$4:$C$85,2,FALSE)) | C27: Réparation | D27: =IF(ISNA(VLOOKUP(Tableau1[[#This Row],[Code]],'Code Véhicule'!$A$4:$C$85,3,FALSE))," ",VLOOKUP(Tableau1[[#This Row],[Code]],'Code Véhicule'!$A$4:$C$85,3,FALSE)) | E27: 700 | F27: Moule | G27: Changement des nécessaires du vérin du moule | I27: Vérin prêt à l'emploi
A28: 43501 | B28: =IF(ISNA(VLOOKUP(Tableau1[[#This Row],[Code]],'Code Véhicule'!$A$4:$C$85,2,FALSE))," ",VLOOKUP(Tableau1[[#This Row],[Code]],'Code Véhicule'!$A$4:$C$85,2,FALSE)) | C28: Réparation | D28: =IF(ISNA(VLOOKUP(Tableau1[[#This Row],[Code]],'Code Véhicule'!$A$4:$C$85,3,FALSE))," ",VLOOKUP(Tableau1[[#This Row],[Code]],'Code Véhicule'!$A$4:$C$85,3,FALSE)) | E28: 562 | F28: Alimentation générale | G28: Réparation du circuit électrique de commande | I28: Pont roulant opérationel
A29: 43501 | B29: =IF(ISNA(VLOOKUP(Tableau1[[#This Row],[Code]],'Code Véhicule'!$A$4:$C$85,2,FALSE))," ",VLOOKUP(Tableau1[[#This Row],[Code]],'Code Véhicule'!$A$4:$C$85,2,FALSE)) | C29: Réparation | D29: =IF(ISNA(VLOOKUP(Tableau1[[#This Row],[Code]],'Code Véhicule'!$A$4:$C$85,3,FALSE))," ",VLOOKUP(Tableau1[[#This Row],[Code]],'Code Véhicule'!$A$4:$C$85,3,FALSE)) | E29: 580 | F29: Circuit de refroidissement | G29: Débouchage du circuit de refroidissement du cabestan | I29: Intervention d'un plombier nécessaire (prévu le 07/02/2019)
A30: 43501 | B30: =IF(ISNA(VLOOKUP(Tableau1[[#This Row],[Code]],'Code Véhicule'!$A$4:$C$85,2,FALSE))," ",VLOOKUP(Tableau1[[#This Row],[Code]],'Code Véhicule'!$A$4:$C$85,2,FALSE)) | C30: Réparation | D30: =IF(ISNA(VLOOKUP(Tableau1[[#This Row],[Code]],'Code Véhicule'!$A$4:$C$85,3,FALSE))," ",VLOOKUP(Tableau1[[#This Row],[Code]],'Code Véhicule'!$A$4:$C$85,3,FALSE)) | E30: 581 | F30: Cassette PR 8 | G30: Débouchage du circtuit de refroidissement de la cassette PR8 | I30: Cassette opérationnelle
A31: 43501 | B31: Usine | C31: Rénnovation | D31: =IF(ISNA(VLOOKUP(Tableau1[[#This Row],[Code]],'Code Véhicule'!$A$4:$C$85,3,FALSE))," ",VLOOKUP(Tableau1[[#This Row],[Code]],'Code Véhicule'!$A$4:$C$85,3,FALSE)) | G31: Début des travaux de changement des plaques translucides | I31: Travaux en cours
A32: 43502 | B32: =IF(ISNA(VLOOKUP(Tableau1[[#This Row],[Code]],'Code Véhicule'!$A$4:$C$85,2,FALSE))," ",VLOOKUP(Tableau1[[#This Row],[Code]],'Code Véhicule'!$A$4:$C$85,2,FALSE)) | C32: Réparation | D32: =IF(ISNA(VLOOKUP(Tableau1[[#This Row],[Code]],'Code Véhicule'!$A$4:$C$85,3,FALSE))," ",VLOOKUP(Tableau1[[#This Row],[Code]],'Code Véhicule'!$A$4:$C$85,3,FALSE)) | E32: 605 | F32: Vibreur | G32: Extraction d'une vis + taraudage du support du vibreur | I32: Machine opérationelle
A33: 43502 | B33: =IF(ISNA(VLOOKUP(Tableau1[[#This Row],[Code]],'Code Véhicule'!$A$4:$C$85,2,FALSE))," ",VLOOKUP(Tableau1[[#This Row],[Code]],'Code Véhicule'!$A$4:$C$85,2,FALSE)) | C33: Réparation | D33: =IF(ISNA(VLOOKUP(Tableau1[[#This Row],[Code]],'Code Véhicule'!$A$4:$C$85,3,FALSE))," ",VLOOKUP(Tableau1[[#This Row],[Code]],'Code Véhicule'!$A$4:$C$85,3,FALSE)) | E33: 565 | F33: Table élévatrice | G33: Changement d'un pignon tendeur de la chaine de la table élévatrice | I33: Machine opérationelle
A34: 43502 | B34: =IF(ISNA(VLOOKUP(Tableau1[[#This Row],[Code]],'Code Véhicule'!$A$4:$C$85,2,FALSE))," ",VLOOKUP(Tableau1[[#This Row],[Code]],'Code Véhicule'!$A$4:$C$85,2,FALSE)) | C34: Réparation | D34: =IF(ISNA(VLOOKUP(Tableau1[[#This Row],[Code]],'Code Véhicule'!$A$4:$C$85,3,FALSE))," ",VLOOKUP(Tableau1[[#This Row],[Code]],'Code Véhicule'!$A$4:$C$85,3,FALSE)) | E34: 581 | F34: Cassette PR 10 | G34: Changement de 6 roulement partie crantée de la cassette PR10 | I34: Cassette opérationnelle
A35: 43502 | B35: =IF(ISNA(VLOOKUP(Tableau1[[#This Row],[Code]],'Code Véhicule'!$A$4:$C$85,2,FALSE))," ",VLOOKUP(Tableau1[[#This Row],[Code]],'Code Véhicule'!$A$4:$C$85,2,FALSE)) | C35: Réparation | D35: =IF(ISNA(VLOOKUP(Tableau1[[#This Row],[Code]],'Code Véhicule'!$A$4:$C$85,3,FALSE))," ",VLOOKUP(Tableau1[[#This Row],[Code]],'Code Véhicule'!$A$4:$C$85,3,FALSE)) | E35: 533 | F35: Mélangeur | G35: Changement des roulements du réducteur du mélangeur + Changement des roulement du support de pales + Vidange du réducteur | I35: Travaux en cours - Disponibilité de la machine prévu le 07/02/2019 à 10H
A36: 43502 | B36: =IF(ISNA(VLOOKUP(Tableau1[[#This Row],[Code]],'Code Véhicule'!$A$4:$C$85,2,FALSE))," ",VLOOKUP(Tableau1[[#This Row],[Code]],'Code Véhicule'!$A$4:$C$85,2,FALSE)) | C36: Réparation | D36: =IF(ISNA(VLOOKUP(Tableau1[[#This Row],[Code]],'Code Véhicule'!$A$4:$C$85,3,FALSE))," ",VLOOKUP(Tableau1[[#This Row],[Code]],'Code Véhicule'!$A$4:$C$85,3,FALSE)) | E36: 560 | F36: Bloc de soudure | G36: Perçage + taraudage du support de fixation des électrodes du sabot de soudage | I36: Sabot opérationnel
A37: 43502 | B37: =IF(ISNA(VLOOKUP(Tableau1[[#This Row],[Code]],'Code Véhicule'!$A$4:$C$85,2,FALSE))," ",VLOOKUP(Tableau1[[#This Row],[Code]],'Code Véhicule'!$A$4:$C$85,2,FALSE)) | C37: Changement | D37: =IF(ISNA(VLOOKUP(Tableau1[[#This Row],[Code]],'Code Véhicule'!$A$4:$C$85,3,FALSE))," ",VLOOKUP(Tableau1[[#This Row],[Code]],'Code Véhicule'!$A$4:$C$85,3,FALSE)) | E37: 560 | F37: Circuit de refroidissement | G37: Changement d'un flexible de refroidissement endommagé | I37: Circuit RAS
A38: 43502 | B38: =IF(ISNA(VLOOKUP(Tableau1[[#This Row],[Code]],'Code Véhicule'!$A$4:$C$85,2,FALSE))," ",VLOOKUP(Tableau1[[#This Row],[Code]],'Code Véhicule'!$A$4:$C$85,2,FALSE)) | C38: Réparation | D38: =IF(ISNA(VLOOKUP(Tableau1[[#This Row],[Code]],'Code Véhicule'!$A$4:$C$85,3,FALSE))," ",VLOOKUP(Tableau1[[#This Row],[Code]],'Code Véhicule'!$A$4:$C$85,3,FALSE)) | E38: 800 | F38: Pilon | G38: Changement de l'axe de fixation du vérin du pilon | I38: Machine opérationnelle
A39: 43503 | B39: =IF(ISNA(VLOOKUP(Tableau1[[#This Row],[Code]],'Code Véhicule'!$A$4:$C$85,2,FALSE))," ",VLOOKUP(Tableau1[[#This Row],[Code]],'Code Véhicule'!$A$4:$C$85,2,FALSE)) | C39: Réparation | D39: =IF(ISNA(VLOOKUP(Tableau1[[#This Row],[Code]],'Code Véhicule'!$A$4:$C$85,3,FALSE))," ",VLOOKUP(Tableau1[[#This Row],[Code]],'Code Véhicule'!$A$4:$C$85,3,FALSE)) | E39: 565 | F39: Table élévatrice | G39: Montage de la vis sans fin + l'écrou en bronze de la table élévatrice | I39: Machine opérationnelle
A40: 43503 | B40: =IF(ISNA(VLOOKUP(Tableau1[[#This Row],[Code]],'Code Véhicule'!$A$4:$C$85,2,FALSE))," ",VLOOKUP(Tableau1[[#This Row],[Code]],'Code Véhicule'!$A$4:$C$85,2,FALSE)) | C40: Réparation | D40: =IF(ISNA(VLOOKUP(Tableau1[[#This Row],[Code]],'Code Véhicule'!$A$4:$C$85,3,FALSE))," ",VLOOKUP(Tableau1[[#This Row],[Code]],'Code Véhicule'!$A$4:$C$85,3,FALSE)) | E40: 571 | F40: Cisaille | G40: Perçage + taraudage du support de fixation des distributeurs pneumatiques de la cisaille | I40: Machine OP
A41: 43503 | B41: =IF(ISNA(VLOOKUP(Tableau1[[#This Row],[Code]],'Code Véhicule'!$A$4:$C$85,2,FALSE))," ",VLOOKUP(Tableau1[[#This Row],[Code]],'Code Véhicule'!$A$4:$C$85,2,FALSE)) | C41: Réparation | D41: =IF(ISNA(VLOOKUP(Tableau1[[#This Row],[Code]],'Code Véhicule'!$A$4:$C$85,3,FALSE))," ",VLOOKUP(Tableau1[[#This Row],[Code]],'Code Véhicule'!$A$4:$C$85,3,FALSE)) | E41: 533 | F41: Mélangeur | G41: Fin des travaux au niveau du mélangeur | I41: Machine OP
A42: 43503 | B42: =IF(ISNA(VLOOKUP(Tableau1[[#This Row],[Code]],'Code Véhicule'!$A$4:$C$85,2,FALSE))," ",VLOOKUP(Tableau1[[#This Row],[Code]],'Code Véhicule'!$A$4:$C$85,2,FALSE)) | C42: Changement | D42: =IF(ISNA(VLOOKUP(Tableau1[[#This Row],[Code]],'Code Véhicule'!$A$4:$C$85,3,FALSE))," ",VLOOKUP(Tableau1[[#This Row],[Code]],'Code Véhicule'!$A$4:$C$85,3,FALSE)) | E42: 700 | F42: Malaxeur | G42: Changement des pales de pates du malaxeur | I42: Machine OP
A43: 43503 | B43: =IF(ISNA(VLOOKUP(Tableau1[[#This Row],[Code]],'Code Véhicule'!$A$4:$C$85,2,FALSE))," ",VLOOKUP(Tableau1[[#This Row],[Code]],'Code Véhicule'!$A$4:$C$85,2,FALSE)) | C43: Réparation | D43: =IF(ISNA(VLOOKUP(Tableau1[[#This Row],[Code]],'Code Véhicule'!$A$4:$C$85,3,FALSE))," ",VLOOKUP(Tableau1[[#This Row],[Code]],'Code Véhicule'!$A$4:$C$85,3,FALSE)) | E43: 700 | F43: Sortie presse | G43: Soudage des courroies thermosoudables sortie presse + Montage | I43: Machine OP
... A77: 43508 | B77: =IF(ISNA(VLOOKUP(Tableau1[[#This Row],[Code]],'Code Véhicule'!$A$4:$C$85,2,FALSE))," ",VLOOKUP(Tableau1[[#This Row],[Code]],'Code Véhicule'!$A$4:$C$85,2,FALSE)) | C77: Réparation | D77: =IF(ISNA(VLOOKUP(Tableau1[[#This Row],[Code]],'Code Véhicule'!$A$4:$C$85,3,FALSE))," ",VLOOKUP(Tableau1[[#This Row],[Code]],'Code Véhicule'!$A$4:$C$85,3,FALSE)) | E77: 581 | F77: Armoire électrique | G77: Changement d'un relais à broche de mise en marche des variateurs | I77: Machine opérationnelle
A78: 43508 | B78: =IF(ISNA(VLOOKUP(Tableau1[[#This Row],[Code]],'Code Véhicule'!$A$4:$C$85,2,FALSE))," ",VLOOKUP(Tableau1[[#This Row],[Code]],'Code Véhicule'!$A$4:$C$85,2,FALSE)) | D78: =IF(ISNA(VLOOKUP(Tableau1[[#This Row],[Code]],'Code Véhicule'!$A$4:$C$85,3,FALSE))," ",VLOOKUP(Tableau1[[#This Row],[Code]],'Code Véhicule'!$A$4:$C$85,3,FALSE)) | E78: 582 | F78: Cassette PR3,40 | G78: Changement de 4 roulement 32008 | I78: Cassette opérationnelle
A79: 43509 | B79: =IF(ISNA(VLOOKUP(Tableau1[[#This Row],[Code]],'Code Véhicule'!$A$4:$C$85,2,FALSE))," ",VLOOKUP(Tableau1[[#This Row],[Code]],'Code Véhicule'!$A$4:$C$85,2,FALSE)) | C79: Réparation | D79: =IF(ISNA(VLOOKUP(Tableau1[[#This Row],[Code]],'Code Véhicule'!$A$4:$C$85,3,FALSE))," ",VLOOKUP(Tableau1[[#This Row],[Code]],'Code Véhicule'!$A$4:$C$85,3,FALSE)) | E79: 565 | F79: Bloc de soudure | G79: Extraction d'une vis + taraudage M12 au niveau du bloc | I79: Machine opérationnelle
A80: 43509 | B80: =IF(ISNA(VLOOKUP(Tableau1[[#This Row],[Code]],'Code Véhicule'!$A$4:$C$85,2,FALSE))," ",VLOOKUP(Tableau1[[#This Row],[Code]],'Code Véhicule'!$A$4:$C$85,2,FALSE)) | C80: Réparation | D80: =IF(ISNA(VLOOKUP(Tableau1[[#This Row],[Code]],'Code Véhicule'!$A$4:$C$85,3,FALSE))," ",VLOOKUP(Tableau1[[#This Row],[Code]],'Code Véhicule'!$A$4:$C$85,3,FALSE)) | E80: 605 | F80: Guide fil | G80: Changement des silents blocs de la barre | I80: Machine opérationnelle
A81: 43509 | B81: =IF(ISNA(VLOOKUP(Tableau1[[#This Row],[Code]],'Code Véhicule'!$A$4:$C$85,2,FALSE))," ",VLOOKUP(Tableau1[[#This Row],[Code]],'Code Véhicule'!$A$4:$C$85,2,FALSE)) | C81: Réparation | D81: =IF(ISNA(VLOOKUP(Tableau1[[#This Row],[Code]],'Code Véhicule'!$A$4:$C$85,3,FALSE))," ",VLOOKUP(Tableau1[[#This Row],[Code]],'Code Véhicule'!$A$4:$C$85,3,FALSE)) | E81: 560 | F81: Bloc de soudure | G81: Réctification de 2 sabots porte électrode | I81: Machine opérationnelle
A82: 43509 | B82: =IF(ISNA(VLOOKUP(Tableau1[[#This Row],[Code]],'Code Véhicule'!$A$4:$C$85,2,FALSE))," ",VLOOKUP(Tableau1[[#This Row],[Code]],'Code Véhicule'!$A$4:$C$85,2,FALSE)) | C82: Montage | D82: =IF(ISNA(VLOOKUP(Tableau1[[#This Row],[Code]],'Code Véhicule'!$A$4:$C$85,3,FALSE))," ",VLOOKUP(Tableau1[[#This Row],[Code]],'Code Véhicule'!$A$4:$C$85,3,FALSE)) | E82: 568 | F82: Moteur de levage | G82: Montage du frein (Monté-Descente) | I82: RAS
A83: 43509 | B83: =IF(ISNA(VLOOKUP(Tableau1[[#This Row],[Code]],'Code Véhicule'!$A$4:$C$85,2,FALSE))," ",VLOOKUP(Tableau1[[#This Row],[Code]],'Code Véhicule'!$A$4:$C$85,2,FALSE)) | C83: Contrôle | D83: =IF(ISNA(VLOOKUP(Tableau1[[#This Row],[Code]],'Code Véhicule'!$A$4:$C$85,3,FALSE))," ",VLOOKUP(Tableau1[[#This Row],[Code]],'Code Véhicule'!$A$4:$C$85,3,FALSE)) | E83: 582 | F83: Cassette PR3,20 | G83: Changement d'un flexible de graissage | I83: RAS
A84: 43509 | B84: =IF(ISNA(VLOOKUP(Tableau1[[#This Row],[Code]],'Code Véhicule'!$A$4:$C$85,2,FALSE))," ",VLOOKUP(Tableau1[[#This Row],[Code]],'Code Véhicule'!$A$4:$C$85,2,FALSE)) | C84: Réparation | D84: =IF(ISNA(VLOOKUP(Tableau1[[#This Row],[Code]],'Code Véhicule'!$A$4:$C$85,3,FALSE))," ",VLOOKUP(Tableau1[[#This Row],[Code]],'Code Véhicule'!$A$4:$C$85,3,FALSE)) | E84: 560 | F84: Bloc de soudure | G84: Dégrippage de la fixation du porte électrode | I84: RAS
A85: 43510 | B85: =IF(ISNA(VLOOKUP(Tableau1[[#This Row],[Code]],'Code Véhicule'!$A$4:$C$85,2,FALSE))," ",VLOOKUP(Tableau1[[#This Row],[Code]],'Code Véhicule'!$A$4:$C$85,2,FALSE)) | C85: Réparation | D85: =IF(ISNA(VLOOKUP(Tableau1[[#This Row],[Code]],'Code Véhicule'!$A$4:$C$85,3,FALSE))," ",VLOOKUP(Tableau1[[#This Row],[Code]],'Code Véhicule'!$A$4:$C$85,3,FALSE)) | E85: 800 | F85: Cassette PR5 | G85: Changement de 4 roulements 32008
A86: 43516 | B86: =IF(ISNA(VLOOKUP(Tableau1[[#This Row],[Code]],'Code Véhicule'!$A$4:$C$85,2,FALSE))," ",VLOOKUP(Tableau1[[#This Row],[Code]],'Code Véhicule'!$A$4:$C$85,2,FALSE)) | C86: Réparation | D86: =IF(ISNA(VLOOKUP(Tableau1[[#This Row],[Code]],'Code Véhicule'!$A$4:$C$85,3,FALSE))," ",VLOOKUP(Tableau1[[#This Row],[Code]],'Code Véhicule'!$A$4:$C$85,3,FALSE)) | E86: 568 | F86: Moteur de levage | G86: Démontage du frein monté descente cramé | I86: Réclamation au près de CEDP pour explication. le frein en question a été monté et remonté plusieurs fois
A87: 43519 | B87: =IF(ISNA(VLOOKUP(Tableau1[[#This Row],[Code]],'Code Véhicule'!$A$4:$C$85,2,FALSE))," ",VLOOKUP(Tableau1[[#This Row],[Code]],'Code Véhicule'!$A$4:$C$85,2,FALSE)) | C87: Réparation | D87: =IF(ISNA(VLOOKUP(Tableau1[[#This Row],[Code]],'Code Véhicule'!$A$4:$C$85,3,FALSE))," ",VLOOKUP(Tableau1[[#This Row],[Code]],'Code Véhicule'!$A$4:$C$85,3,FALSE)) | E87: 560 | F87: Bloc de soudure | G87: Extraction d'une vis + taraudage | I87: RAS
A88: 43519 | B88: =IF(ISNA(VLOOKUP(Tableau1[[#This Row],[Code]],'Code Véhicule'!$A$4:$C$85,2,FALSE))," ",VLOOKUP(Tableau1[[#This Row],[Code]],'Code Véhicule'!$A$4:$C$85,2,FALSE)) | C88: Réparation | D88: =IF(ISNA(VLOOKUP(Tableau1[[#This Row],[Code]],'Code Véhicule'!$A$4:$C$85,3,FALSE))," ",VLOOKUP(Tableau1[[#This Row],[Code]],'Code Véhicule'!$A$4:$C$85,3,FALSE)) | E88: 573 | F88: Système de guidage | G88: Démontage d'un pignon et d'un galet de guidage | I88: En attente de confection chez tourneur
A89: 43521 | B89: =IF(ISNA(VLOOKUP(Tableau1[[#This Row],[Code]],'Code Véhicule'!$A$4:$C$85,2,FALSE))," ",VLOOKUP(Tableau1[[#This Row],[Code]],'Code Véhicule'!$A$4:$C$85,2,FALSE)) | C89: Réparation | D89: =IF(ISNA(VLOOKUP(Tableau1[[#This Row],[Code]],'Code Véhicule'!$A$4:$C$85,3,FALSE))," ",VLOOKUP(Tableau1[[#This Row],[Code]],'Code Véhicule'!$A$4:$C$85,3,FALSE)) | E89: 560 | F89: Bloc de soudure | G89: Changement du cable de soudure | I89: RAS
A90: 43522 | B90: =IF(ISNA(VLOOKUP(Tableau1[[#This Row],[Code]],'Code Véhicule'!$A$4:$C$85,2,FALSE))," ",VLOOKUP(Tableau1[[#This Row],[Code]],'Code Véhicule'!$A$4:$C$85,2,FALSE)) | C90: Réparation | D90: =IF(ISNA(VLOOKUP(Tableau1[[#This Row],[Code]],'Code Véhicule'!$A$4:$C$85,3,FALSE))," ",VLOOKUP(Tableau1[[#This Row],[Code]],'Code Véhicule'!$A$4:$C$85,3,FALSE)) | E90: 560 | F90: Bloc de soudure | G90: Changement du support porte électrode -vérin | I90: RAS
A91: 43522 | B91: =IF(ISNA(VLOOKUP(Tableau1[[#This Row],[Code]],'Code Véhicule'!$A$4:$C$85,2,FALSE))," ",VLOOKUP(Tableau1[[#This Row],[Code]],'Code Véhicule'!$A$4:$C$85,2,FALSE)) | C91: Réparation | D91: =IF(ISNA(VLOOKUP(Tableau1[[#This Row],[Code]],'Code Véhicule'!$A$4:$C$85,3,FALSE))," ",VLOOKUP(Tableau1[[#This Row],[Code]],'Code Véhicule'!$A$4:$C$85,3,FALSE)) | E91: 568 | F91: Moteur de levage | G91: Montage d'un frein neuf + mise en place de nouveaux trous taraudés de fixation | I91: RAS en attente de résultats
A92: 43523 | B92: =IF(ISNA(VLOOKUP(Tableau1[[#This Row],[Code]],'Code Véhicule'!$A$4:$C$85,2,FALSE))," ",VLOOKUP(Tableau1[[#This Row],[Code]],'Code Véhicule'!$A$4:$C$85,2,FALSE)) | C92: Réparation | D92: =IF(ISNA(VLOOKUP(Tableau1[[#This Row],[Code]],'Code Véhicule'!$A$4:$C$85,3,FALSE))," ",VLOOKUP(Tableau1[[#This Row],[Code]],'Code Véhicule'!$A$4:$C$85,3,FALSE)) | E92: 800 | F92: Cercleuse 08 | G92: Réglage de l'embrayage | I92: RAS
A93: 43523 | B93: =IF(ISNA(VLOOKUP(Tableau1[[#This Row],[Code]],'Code Véhicule'!$A$4:$C$85,2,FALSE))," ",VLOOKUP(Tableau1[[#This Row],[Code]],'Code Véhicule'!$A$4:$C$85,2,FALSE)) | C93: Réparation | D93: =IF(ISNA(VLOOKUP(Tableau1[[#This Row],[Code]],'Code Véhicule'!$A$4:$C$85,3,FALSE))," ",VLOOKUP(Tableau1[[#This Row],[Code]],'Code Véhicule'!$A$4:$C$85,3,FALSE)) | E93: 700 | F93: Moule | G93: Changement du flexible hydraulique du vérin du moule (endommagé de la partie sertie) | I93: RAS
A94: 43525 | B94: =IF(ISNA(VLOOKUP(Tableau1[[#This Row],[Code]],'Code Véhicule'!$A$4:$C$85,2,FALSE))," ",VLOOKUP(Tableau1[[#This Row],[Code]],'Code Véhicule'!$A$4:$C$85,2,FALSE)) | C94: Réparation | D94: =IF(ISNA(VLOOKUP(Tableau1[[#This Row],[Code]],'Code Véhicule'!$A$4:$C$85,3,FALSE))," ",VLOOKUP(Tableau1[[#This Row],[Code]],'Code Véhicule'!$A$4:$C$85,3,FALSE)) | E94: 581 | F94: Cassette PR8 | G94: Nettoyage + changement de 4 roulements | I94: RAS
A95: 43526 | B95: =IF(ISNA(VLOOKUP(Tableau1[[#This Row],[Code]],'Code Véhicule'!$A$4:$C$85,2,FALSE))," ",VLOOKUP(Tableau1[[#This Row],[Code]],'Code Véhicule'!$A$4:$C$85,2,FALSE)) | C95: Réparation | D95: =IF(ISNA(VLOOKUP(Tableau1[[#This Row],[Code]],'Code Véhicule'!$A$4:$C$85,3,FALSE))," ",VLOOKUP(Tableau1[[#This Row],[Code]],'Code Véhicule'!$A$4:$C$85,3,FALSE)) | E95: 560 | F95: Bloc de soudure | G95: Dégrippage de la fixation du porte électrode
A96: 43528 | B96: =IF(ISNA(VLOOKUP(Tableau1[[#This Row],[Code]],'Code Véhicule'!$A$4:$C$85,2,FALSE))," ",VLOOKUP(Tableau1[[#This Row],[Code]],'Code Véhicule'!$A$4:$C$85,2,FALSE)) | C96: Réparation | D96: =IF(ISNA(VLOOKUP(Tableau1[[#This Row],[Code]],'Code Véhicule'!$A$4:$C$85,3,FALSE))," ",VLOOKUP(Tableau1[[#This Row],[Code]],'Code Véhicule'!$A$4:$C$85,3,FALSE)) | E96: 800 | F96: Tiroir d'agitation | G96: Soudage de la grille d'agitation | I96: Prévoir le changement de celle-ci
A97: 43528 | B97: =IF(ISNA(VLOOKUP(Tableau1[[#This Row],[Code]],'Code Véhicule'!$A$4:$C$85,2,FALSE))," ",VLOOKUP(Tableau1[[#This Row],[Code]],'Code Véhicule'!$A$4:$C$85,2,FALSE)) | C97: Réparation | D97: =IF(ISNA(VLOOKUP(Tableau1[[#This Row],[Code]],'Code Véhicule'!$A$4:$C$85,3,FALSE))," ",VLOOKUP(Tableau1[[#This Row],[Code]],'Code Véhicule'!$A$4:$C$85,3,FALSE)) | E97: 700 | F97: Malaxeur | G97: Changement des pales de pates du malaxeur | I97: RAS
A98: 43528 | B98: =IF(ISNA(VLOOKUP(Tableau1[[#This Row],[Code]],'Code Véhicule'!$A$4:$C$85,2,FALSE))," ",VLOOKUP(Tableau1[[#This Row],[Code]],'Code Véhicule'!$A$4:$C$85,2,FALSE)) | C98: Réparation | D98: =IF(ISNA(VLOOKUP(Tableau1[[#This Row],[Code]],'Code Véhicule'!$A$4:$C$85,3,FALSE))," ",VLOOKUP(Tableau1[[#This Row],[Code]],'Code Véhicule'!$A$4:$C$85,3,FALSE)) | E98: 565 | F98: Bloc de soudure | G98: Changement de deux axes plongeurs
A99: 43530 | B99: =IF(ISNA(VLOOKUP(Tableau1[[#This Row],[Code]],'Code Véhicule'!$A$4:$C$85,2,FALSE))," ",VLOOKUP(Tableau1[[#This Row],[Code]],'Code Véhicule'!$A$4:$C$85,2,FALSE)) | C99: Réparation | D99: =IF(ISNA(VLOOKUP(Tableau1[[#This Row],[Code]],'Code Véhicule'!$A$4:$C$85,3,FALSE))," ",VLOOKUP(Tableau1[[#This Row],[Code]],'Code Véhicule'!$A$4:$C$85,3,FALSE)) | E99: 573 | F99: Alimentation générale | G99: Réarmement du disjoncteur général
A100: 43530 | B100: =IF(ISNA(VLOOKUP(Tableau1[[#This Row],[Code]],'Code Véhicule'!$A$4:$C$85,2,FALSE))," ",VLOOKUP(Tableau1[[#This Row],[Code]],'Code Véhicule'!$A$4:$C$85,2,FALSE)) | C100: Réparation | D100: =IF(ISNA(VLOOKUP(Tableau1[[#This Row],[Code]],'Code Véhicule'!$A$4:$C$85,3,FALSE))," ",VLOOKUP(Tableau1[[#This Row],[Code]],'Code Véhicule'!$A$4:$C$85,3,FALSE)) | E100: 584 | F100: Treuil principal | G100: Remise du cable antigiratoire sur le truil principal
A101: 43530 | B101: =IF(ISNA(VLOOKUP(Tableau1[[#This Row],[Code]],'Code Véhicule'!$A$4:$C$85,2,FALSE))," ",VLOOKUP(Tableau1[[#This Row],[Code]],'Code Véhicule'!$A$4:$C$85,2,FALSE)) | C101: Réparation | D101: =IF(ISNA(VLOOKUP(Tableau1[[#This Row],[Code]],'Code Véhicule'!$A$4:$C$85,3,FALSE))," ",VLOOKUP(Tableau1[[#This Row],[Code]],'Code Véhicule'!$A$4:$C$85,3,FALSE)) | E101: 562 | F101: Treuil principal | G101: Réparation du mouffle +changement du cable antigiratoire
A102: 43531 | B102: =IF(ISNA(VLOOKUP(Tableau1[[#This Row],[Code]],'Code Véhicule'!$A$4:$C$85,2,FALSE))," ",VLOOKUP(Tableau1[[#This Row],[Code]],'Code Véhicule'!$A$4:$C$85,2,FALSE)) | C102: Réparation | D102: =IF(ISNA(VLOOKUP(Tableau1[[#This Row],[Code]],'Code Véhicule'!$A$4:$C$85,3,FALSE))," ",VLOOKUP(Tableau1[[#This Row],[Code]],'Code Véhicule'!$A$4:$C$85,3,FALSE)) | E102: 570 | F102: Partie de soudage | G102: Changement du vérin de soudage
A103: 43531 | B103: =IF(ISNA(VLOOKUP(Tableau1[[#This Row],[Code]],'Code Véhicule'!$A$4:$C$85,2,FALSE))," ",VLOOKUP(Tableau1[[#This Row],[Code]],'Code Véhicule'!$A$4:$C$85,2,FALSE)) | C103: Réparation | D103: =IF(ISNA(VLOOKUP(Tableau1[[#This Row],[Code]],'Code Véhicule'!$A$4:$C$85,3,FALSE))," ",VLOOKUP(Tableau1[[#This Row],[Code]],'Code Véhicule'!$A$4:$C$85,3,FALSE)) | E103: 590 | F103: Cassette PR5 | G103: Changement de 4 roulement 32008 + flexible d'eau
A104: 43531 | B104: =IF(ISNA(VLOOKUP(Tableau1[[#This Row],[Code]],'Code Véhicule'!$A$4:$C$85,2,FALSE))," ",VLOOKUP(Tableau1[[#This Row],[Code]],'Code Véhicule'!$A$4:$C$85,2,FALSE)) | C104: Réparation | D104: =IF(ISNA(VLOOKUP(Tableau1[[#This Row],[Code]],'Code Véhicule'!$A$4:$C$85,3,FALSE))," ",VLOOKUP(Tableau1[[#This Row],[Code]],'Code Véhicule'!$A$4:$C$85,3,FALSE)) | E104: 583 | F104: Moteur de levage | G104: Changement des tiges de fixation du moteur de levage
A105: 43531 | B105: =IF(ISNA(VLOOKUP(Tableau1[[#This Row],[Code]],'Code Véhicule'!$A$4:$C$85,2,FALSE))," ",VLOOKUP(Tableau1[[#This Row],[Code]],'Code Véhicule'!$A$4:$C$85,2,FALSE)) | C105: Réparation | D105: =IF(ISNA(VLOOKUP(Tableau1[[#This Row],[Code]],'Code Véhicule'!$A$4:$C$85,3,FALSE))," ",VLOOKUP(Tableau1[[#This Row],[Code]],'Code Véhicule'!$A$4:$C$85,3,FALSE)) | E105: 800 | F105: Cercleuse 06 | G105: Changement de la résistance chauffante | I105: RAS
A106: 43531 | B106: =IF(ISNA(VLOOKUP(Tableau1[[#This Row],[Code]],'Code Véhicule'!$A$4:$C$85,2,FALSE))," ",VLOOKUP(Tableau1[[#This Row],[Code]],'Code Véhicule'!$A$4:$C$85,2,FALSE)) | C106: Changement | D106: =IF(ISNA(VLOOKUP(Tableau1[[#This Row],[Code]],'Code Véhicule'!$A$4:$C$85,3,FALSE))," ",VLOOKUP(Tableau1[[#This Row],[Code]],'Code Véhicule'!$A$4:$C$85,3,FALSE)) | E106: 581 | F106: Bobinoir | G106: Changement de 3 tige d'assemblage du bobinoir | I106: Prévoir la confection de tige d'assemblage
A107: 43532 | B107: =IF(ISNA(VLOOKUP(Tableau1[[#This Row],[Code]],'Code Véhicule'!$A$4:$C$85,2,FALSE))," ",VLOOKUP(Tableau1[[#This Row],[Code]],'Code Véhicule'!$A$4:$C$85,2,FALSE)) | C107: Réparation | D107: =IF(ISNA(VLOOKUP(Tableau1[[#This Row],[Code]],'Code Véhicule'!$A$4:$C$85,3,FALSE))," ",VLOOKUP(Tableau1[[#This Row],[Code]],'Code Véhicule'!$A$4:$C$85,3,FALSE)) | E107: 601
A108: 43532 | B108: =IF(ISNA(VLOOKUP(Tableau1[[#This Row],[Code]],'Code Véhicule'!$A$4:$C$85,2,FALSE))," ",VLOOKUP(Tableau1[[#This Row],[Code]],'Code Véhicule'!$A$4:$C$85,2,FALSE)) | C108: Réparation | D108: =IF(ISNA(VLOOKUP(Tableau1[[#This Row],[Code]],'Code Véhicule'!$A$4:$C$85,3,FALSE))," ",VLOOKUP(Tableau1[[#This Row],[Code]],'Code Véhicule'!$A$4:$C$85,3,FALSE)) | E108: 565 | F108: Lance trame | G108: Panne moteur dispositif amené FT ( problème
A109: 43532 | B109: =IF(ISNA(VLOOKUP(Tableau1[[#This Row],[Code]],'Code Véhicule'!$A$4:$C$85,2,FALSE))," ",VLOOKUP(Tableau1[[#This Row],[Code]],'Code Véhicule'!$A$4:$C$85,2,FALSE)) | C109: Réparation | D109: =IF(ISNA(VLOOKUP(Tableau1[[#This Row],[Code]],'Code Véhicule'!$A$4:$C$85,3,FALSE))," ",VLOOKUP(Tableau1[[#This Row],[Code]],'Code Véhicule'!$A$4:$C$85,3,FALSE)) | E109: 800 | F109: Transbordeur | G109: Soudage du galet de guidage sur l'arbe principal | I109: Prevoir la confection d'un nouvel arbre
A110: 43536 | B110: =IF(ISNA(VLOOKUP(Tableau1[[#This Row],[Code]],'Code Véhicule'!$A$4:$C$85,2,FALSE))," ",VLOOKUP(Tableau1[[#This Row],[Code]],'Code Véhicule'!$A$4:$C$85,2,FALSE)) | C110: Réparation | D110: =IF(ISNA(VLOOKUP(Tableau1[[#This Row],[Code]],'Code Véhicule'!$A$4:$C$85,3,FALSE))," ",VLOOKUP(Tableau1[[#This Row],[Code]],'Code Véhicule'!$A$4:$C$85,3,FALSE)) | E110: 565 | F110: Lance trame | G110: Panne moteur dispositif amené FT
A111: 43536 | B111: =IF(ISNA(VLOOKUP(Tableau1[[#This Row],[Code]],'Code Véhicule'!$A$4:$C$85,2,FALSE))," ",VLOOKUP(Tableau1[[#This Row],[Code]],'Code Véhicule'!$A$4:$C$85,2,FALSE)) | C111: Réparation | D111: =IF(ISNA(VLOOKUP(Tableau1[[#This Row],[Code]],'Code Véhicule'!$A$4:$C$85,3,FALSE))," ",VLOOKUP(Tableau1[[#This Row],[Code]],'Code Véhicule'!$A$4:$C$85,3,FALSE)) | E111: 800 | F111: Grille d'agitation | G111: Soudage de la grille d'agitation | I111: Changement de la grille et du jeu d'agitation prévu le 16/03/2019
A112: 43536 | B112: =IF(ISNA(VLOOKUP(Tableau1[[#This Row],[Code]],'Code Véhicule'!$A$4:$C$85,2,FALSE))," ",VLOOKUP(Tableau1[[#This Row],[Code]],'Code Véhicule'!$A$4:$C$85,2,FALSE)) | C112: Réparation | D112: =IF(ISNA(VLOOKUP(Tableau1[[#This Row],[Code]],'Code Véhicule'!$A$4:$C$85,3,FALSE))," ",VLOOKUP(Tableau1[[#This Row],[Code]],'Code Véhicule'!$A$4:$C$85,3,FALSE)) | E112: 700 | F112: Malaxeur | G112: Changement de l'electrovanne d'alimentation en eau | I112: Preévoir l'achat d'une nouvelle électrovanne
A113: 43537 | B113: =IF(ISNA(VLOOKUP(Tableau1[[#This Row],[Code]],'Code Véhicule'!$A$4:$C$85,2,FALSE))," ",VLOOKUP(Tableau1[[#This Row],[Code]],'Code Véhicule'!$A$4:$C$85,2,FALSE)) | C113: Réparation | D113: =IF(ISNA(VLOOKUP(Tableau1[[#This Row],[Code]],'Code Véhicule'!$A$4:$C$85,3,FALSE))," ",VLOOKUP(Tableau1[[#This Row],[Code]],'Code Véhicule'!$A$4:$C$85,3,FALSE)) | E113: 560 | F113: Bloc de soudure | G113: Dégrippage de la fixation du porte électrode
A114: 43537 | B114: =IF(ISNA(VLOOKUP(Tableau1[[#This Row],[Code]],'Code Véhicule'!$A$4:$C$85,2,FALSE))," ",VLOOKUP(Tableau1[[#This Row],[Code]],'Code Véhicule'!$A$4:$C$85,2,FALSE)) | C114: Réparation | D114: =IF(ISNA(VLOOKUP(Tableau1[[#This Row],[Code]],'Code Véhicule'!$A$4:$C$85,3,FALSE))," ",VLOOKUP(Tableau1[[#This Row],[Code]],'Code Véhicule'!$A$4:$C$85,3,FALSE)) | E114: 581 | F114: Cassette PR8 | G114: Changement de 4 roulement 32008
A115: 43538 | B115: =IF(ISNA(VLOOKUP(Tableau1[[#This Row],[Code]],'Code Véhicule'!$A$4:$C$85,2,FALSE))," ",VLOOKUP(Tableau1[[#This Row],[Code]],'Code Véhicule'!$A$4:$C$85,2,FALSE)) | C115: Démontage | D115: =IF(ISNA(VLOOKUP(Tableau1[[#This Row],[Code]],'Code Véhicule'!$A$4:$C$85,3,FALSE))," ",VLOOKUP(Tableau1[[#This Row],[Code]],'Code Véhicule'!$A$4:$C$85,3,FALSE)) | E115: 573 | F115: Système de guidage | G115: Démontage du moteur réducteur endommagé | I115: Attente d'achat d'un nouveau moteur réducteur
A116: 43538 | B116: =IF(ISNA(VLOOKUP(Tableau1[[#This Row],[Code]],'Code Véhicule'!$A$4:$C$85,2,FALSE))," ",VLOOKUP(Tableau1[[#This Row],[Code]],'Code Véhicule'!$A$4:$C$85,2,FALSE)) | C116: Réparation | D116: =IF(ISNA(VLOOKUP(Tableau1[[#This Row],[Code]],'Code Véhicule'!$A$4:$C$85,3,FALSE))," ",VLOOKUP(Tableau1[[#This Row],[Code]],'Code Véhicule'!$A$4:$C$85,3,FALSE)) | E116: 800 | F116: Skip | G116: Changement d'un roulement de galet | I116: RAS
A117: 43539 | B117: =IF(ISNA(VLOOKUP(Tableau1[[#This Row],[Code]],'Code Véhicule'!$A$4:$C$85,2,FALSE))," ",VLOOKUP(Tableau1[[#This Row],[Code]],'Code Véhicule'!$A$4:$C$85,2,FALSE)) | C117: Démontage | D117: =IF(ISNA(VLOOKUP(Tableau1[[#This Row],[Code]],'Code Véhicule'!$A$4:$C$85,3,FALSE))," ",VLOOKUP(Tableau1[[#This Row],[Code]],'Code Véhicule'!$A$4:$C$85,3,FALSE)) | E117: 583 | F117: Système de guidage | G117: Démontage du moteur de guidage pour rebobinage
A118: 43539 | B118: =IF(ISNA(VLOOKUP(Tableau1[[#This Row],[Code]],'Code Véhicule'!$A$4:$C$85,2,FALSE))," ",VLOOKUP(Tableau1[[#This Row],[Code]],'Code Véhicule'!$A$4:$C$85,2,FALSE)) | C118: Réparation | D118: =IF(ISNA(VLOOKUP(Tableau1[[#This Row],[Code]],'Code Véhicule'!$A$4:$C$85,3,FALSE))," ",VLOOKUP(Tableau1[[#This Row],[Code]],'Code Véhicule'!$A$4:$C$85,3,FALSE)) | E118: 800 | F118: Table vibrante | G118: Soudage de la traverse droite de la table vibrante | I118: RAS
A119: 43539 | B119: =IF(ISNA(VLOOKUP(Tableau1[[#This Row],[Code]],'Code Véhicule'!$A$4:$C$85,2,FALSE))," ",VLOOKUP(Tableau1[[#This Row],[Code]],'Code Véhicule'!$A$4:$C$85,2,FALSE)) | C119: Réparation | D119: =IF(ISNA(VLOOKUP(Tableau1[[#This Row],[Code]],'Code Véhicule'!$A$4:$C$85,3,FALSE))," ",VLOOKUP(Tableau1[[#This Row],[Code]],'Code Véhicule'!$A$4:$C$85,3,FALSE)) | E119: 800 | F119: Moule | G119: Elimination d'une fuite au niveau du raccord du vérin du moule | I119: RAS
A120: 43540 | B120: =IF(ISNA(VLOOKUP(Tableau1[[#This Row],[Code]],'Code Véhicule'!$A$4:$C$85,2,FALSE))," ",VLOOKUP(Tableau1[[#This Row],[Code]],'Code Véhicule'!$A$4:$C$85,2,FALSE)) | C120: Démontage | D120: =IF(ISNA(VLOOKUP(Tableau1[[#This Row],[Code]],'Code Véhicule'!$A$4:$C$85,3,FALSE))," ",VLOOKUP(Tableau1[[#This Row],[Code]],'Code Véhicule'!$A$4:$C$85,3,FALSE)) | E120: 605 | F120: Guide fil | G120: Démontage du distributeur pneumatique du guide fil endommagé | I120: Attente d'achat d'un nouveau distributeur
A121: 43542 | B121: =IF(ISNA(VLOOKUP(Tableau1[[#This Row],[Code]],'Code Véhicule'!$A$4:$C$85,2,FALSE))," ",VLOOKUP(Tableau1[[#This Row],[Code]],'Code Véhicule'!$A$4:$C$85,2,FALSE)) | C121: Réparation | D121: =IF(ISNA(VLOOKUP(Tableau1[[#This Row],[Code]],'Code Véhicule'!$A$4:$C$85,3,FALSE))," ",VLOOKUP(Tableau1[[#This Row],[Code]],'Code Véhicule'!$A$4:$C$85,3,FALSE)) | E121: 560 | F121: Cisaille | G121: Chnagement de 4 courroie de distribution
A122: 43543 | B122: =IF(ISNA(VLOOKUP(Tableau1[[#This Row],[Code]],'Code Véhicule'!$A$4:$C$85,2,FALSE))," ",VLOOKUP(Tableau1[[#This Row],[Code]],'Code Véhicule'!$A$4:$C$85,2,FALSE)) | C122: Réparation | D122: =IF(ISNA(VLOOKUP(Tableau1[[#This Row],[Code]],'Code Véhicule'!$A$4:$C$85,3,FALSE))," ",VLOOKUP(Tableau1[[#This Row],[Code]],'Code Véhicule'!$A$4:$C$85,3,FALSE)) | E122: 582 | F122: Cassette PR3,5 | G122: Changement de 3 galet + 6 roulement pour modification de diametre 3,40
A123: 43535 | B123: =IF(ISNA(VLOOKUP(Tableau1[[#This Row],[Code]],'Code Véhicule'!$A$4:$C$85,2,FALSE))," ",VLOOKUP(Tableau1[[#This Row],[Code]],'Code Véhicule'!$A$4:$C$85,2,FALSE)) | C123: Amélioration | D123: =IF(ISNA(VLOOKUP(Tableau1[[#This Row],[Code]],'Code Véhicule'!$A$4:$C$85,3,FALSE))," ",VLOOKUP(Tableau1[[#This Row],[Code]],'Code Véhicule'!$A$4:$C$85,3,FALSE)) | E123: 700 | F123: Groupe hydraulique | G123: Montage d'un refroidisseur à radiateur au niveau du groupe hydraulique | I123: La température enregistrée est de 37° au niveau de la pompe et 35° sur tous les autres organes
A124: 43544 | B124: =IF(ISNA(VLOOKUP(Tableau1[[#This Row],[Code]],'Code Véhicule'!$A$4:$C$85,2,FALSE))," ",VLOOKUP(Tableau1[[#This Row],[Code]],'Code Véhicule'!$A$4:$C$85,2,FALSE)) | C124: Réparation | D124: =IF(ISNA(VLOOKUP(Tableau1[[#This Row],[Code]],'Code Véhicule'!$A$4:$C$85,3,FALSE))," ",VLOOKUP(Tableau1[[#This Row],[Code]],'Code Véhicule'!$A$4:$C$85,3,FALSE)) | E124: 800 | F124: Pupitre de commande | G124: Mise en place d'un écran LCD à la place de l'ecran tactile de commande de la machine | I124: Prévoir l'achat d'un nouvel écran
A125: 43552 | B125: =IF(ISNA(VLOOKUP(Tableau1[[#This Row],[Code]],'Code Véhicule'!$A$4:$C$85,2,FALSE))," ",VLOOKUP(Tableau1[[#This Row],[Code]],'Code Véhicule'!$A$4:$C$85,2,FALSE)) | C125: Réparation | D125: =IF(ISNA(VLOOKUP(Tableau1[[#This Row],[Code]],'Code Véhicule'!$A$4:$C$85,3,FALSE))," ",VLOOKUP(Tableau1[[#This Row],[Code]],'Code Véhicule'!$A$4:$C$85,3,FALSE)) | E125: 581 | F125: Cassette PR8 | G125: Changemene de 4 roulements 32008 | I125: RAS
A126: 43547 | B126: =IF(ISNA(VLOOKUP(Tableau1[[#This Row],[Code]],'Code Véhicule'!$A$4:$C$85,2,FALSE))," ",VLOOKUP(Tableau1[[#This Row],[Code]],'Code Véhicule'!$A$4:$C$85,2,FALSE)) | C126: Réparation | D126: =IF(ISNA(VLOOKUP(Tableau1[[#This Row],[Code]],'Code Véhicule'!$A$4:$C$85,3,FALSE))," ",VLOOKUP(Tableau1[[#This Row],[Code]],'Code Véhicule'!$A$4:$C$85,3,FALSE)) | E126: 605 | F126: Guide fil | G126: Montage d'un distributeur avec adaptation des branchements | I126: Attente réception du distributeur d'origine de chez eurolls
A127: 43540 | B127: =IF(ISNA(VLOOKUP(Tableau1[[#This Row],[Code]],'Code Véhicule'!$A$4:$C$85,2,FALSE))," ",VLOOKUP(Tableau1[[#This Row],[Code]],'Code Véhicule'!$A$4:$C$85,2,FALSE)) | C127: Réparation | D127: =IF(ISNA(VLOOKUP(Tableau1[[#This Row],[Code]],'Code Véhicule'!$A$4:$C$85,3,FALSE))," ",VLOOKUP(Tableau1[[#This Row],[Code]],'Code Véhicule'!$A$4:$C$85,3,FALSE)) | E127: 700 | F127: Convoyeur a béton | G127: Changement du tendeur du réducteur | I127: RAS
A128: 43552 | B128: =IF(ISNA(VLOOKUP(Tableau1[[#This Row],[Code]],'Code Véhicule'!$A$4:$C$85,2,FALSE))," ",VLOOKUP(Tableau1[[#This Row],[Code]],'Code Véhicule'!$A$4:$C$85,2,FALSE)) | C128: Réparation | D128: =IF(ISNA(VLOOKUP(Tableau1[[#This Row],[Code]],'Code Véhicule'!$A$4:$C$85,3,FALSE))," ",VLOOKUP(Tableau1[[#This Row],[Code]],'Code Véhicule'!$A$4:$C$85,3,FALSE)) | E128: 582 | F128: Cassette PR3,40 | I128: hafi
A129: 43556 | B129: =IF(ISNA(VLOOKUP(Tableau1[[#This Row],[Code]],'Code Véhicule'!$A$4:$C$85,2,FALSE))," ",VLOOKUP(Tableau1[[#This Row],[Code]],'Code Véhicule'!$A$4:$C$85,2,FALSE)) | C129: Réparation | D129: =IF(ISNA(VLOOKUP(Tableau1[[#This Row],[Code]],'Code Véhicule'!$A$4:$C$85,3,FALSE))," ",VLOOKUP(Tableau1[[#This Row],[Code]],'Code Véhicule'!$A$4:$C$85,3,FALSE)) | E129: 561 | F129: Alimentation générale | G129: Réarmement du disjoncteur général | I129: Attente livraison du pont de diode du moteur de levage
A130: 43556 | B130: =IF(ISNA(VLOOKUP(Tableau1[[#This Row],[Code]],'Code Véhicule'!$A$4:$C$85,2,FALSE))," ",VLOOKUP(Tableau1[[#This Row],[Code]],'Code Véhicule'!$A$4:$C$85,2,FALSE)) | C130: Réparation | D130: =IF(ISNA(VLOOKUP(Tableau1[[#This Row],[Code]],'Code Véhicule'!$A$4:$C$85,3,FALSE))," ",VLOOKUP(Tableau1[[#This Row],[Code]],'Code Véhicule'!$A$4:$C$85,3,FALSE)) | E130: 560 | F130: Bloc de soudure | G130: Extraction d'une vis +degrippage du support de fixation | I130: RAS
A131: 43556 | B131: =IF(ISNA(VLOOKUP(Tableau1[[#This Row],[Code]],'Code Véhicule'!$A$4:$C$85,2,FALSE))," ",VLOOKUP(Tableau1[[#This Row],[Code]],'Code Véhicule'!$A$4:$C$85,2,FALSE)) | C131: Réparation | D131: =IF(ISNA(VLOOKUP(Tableau1[[#This Row],[Code]],'Code Véhicule'!$A$4:$C$85,3,FALSE))," ",VLOOKUP(Tableau1[[#This Row],[Code]],'Code Véhicule'!$A$4:$C$85,3,FALSE)) | E131: 605 | F131: Guide fil | G131: Fixation du vérin pneumatique | I131: RAS
A132: 43556 | B132: =IF(ISNA(VLOOKUP(Tableau1[[#This Row],[Code]],'Code Véhicule'!$A$4:$C$85,2,FALSE))," ",VLOOKUP(Tableau1[[#This Row],[Code]],'Code Véhicule'!$A$4:$C$85,2,FALSE)) | C132: Réparation | D132: =IF(ISNA(VLOOKUP(Tableau1[[#This Row],[Code]],'Code Véhicule'!$A$4:$C$85,3,FALSE))," ",VLOOKUP(Tableau1[[#This Row],[Code]],'Code Véhicule'!$A$4:$C$85,3,FALSE)) | E132: 700 | F132: Presse | G132: Changement du moteur de vibration | H132: 0.125 | I132: RAS
A133: 43556 | B133: =IF(ISNA(VLOOKUP(Tableau1[[#This Row],[Code]],'Code Véhicule'!$A$4:$C$85,2,FALSE))," ",VLOOKUP(Tableau1[[#This Row],[Code]],'Code Véhicule'!$A$4:$C$85,2,FALSE)) | C133: Réglage | D133: =IF(ISNA(VLOOKUP(Tableau1[[#This Row],[Code]],'Code Véhicule'!$A$4:$C$85,3,FALSE))," ",VLOOKUP(Tableau1[[#This Row],[Code]],'Code Véhicule'!$A$4:$C$85,3,FALSE)) | E133: 800 | F133: Presse | G133: Calage de la table vibrante | H133: 0.020833333
...

Sheet Menu

Sheet Code Véhicule
A1: Liste code véhicules
A3: CODE Véhicule | B3: Type | C3: Marque | D3: Matricule
A4: 7 | B4: Voiture de fonction | C4: Berlingo | D4: 50313-A-6
A5: 401 | B5: Camion | C5: ISUZU | D5: 26128-A-8
A6: 403 | B6: Camion | C6: MAN | D6: 4790-B-8
A7: 404 | B7: Semi remorque | C7: VOLVO | D7: 68125-A-6
A8: 405 | B8: Camion | C8: ISUZU | D8: 22128-W-6
A9: 406 | B9: Semi remorque | C9: VOLVO | D9: 70352-A-6
A10: 407 | B10: Semi remorque | C10: MAN | D10: 706-A-73
A11: 408 | B11: Camion | C11: Mitsubishi | D11: 4703-A-73
A12: 409 | B12: Camion | C12: Mitsubishi | D12: 4969-A-73
A13: 410 | B13: Semi remorque | C13: MAN | D13: 28659-D-1
A14: 411 | B14: Camion | C14: Renault | D14: 25636-A-13
A15: 413 | B15: Chargeur | C15: Caterpillar | D15: -
A16: 413B | B16: Chargeur | C16: Caterpillar | D16: -
A17: 414 | B17: Balayeuse | C17: Bobcat | D17: -
A18: 417 | B18: Voiture de fonction | C18: Berlingo | D18: 981-A-73
A19: 419 | B19: Voiture de fonction | C19: kangoo | D19: 4812-A-73
A20: 421 | B20: Chariot elevateur | C20: Linde H30 | D20: -
A21: 422 | B21: Chariot elevateur | C21: Fenwick LINDE 25 | D21: -
A22: 426 | B22: Chariot elevateur | C22: Manitou MC 30 | D22: -
A23: 427 | B23: Chariot elevateur | C23: Linde H30 | D23: -
A24: 428 | B24: Chariot elevateur | C24: Linde H30 | D24: -
A25: 429 | B25: Chariot elevateur | C25: Fenwick HD30 | D25: -
A26: 430 | B26: Chariot elevateur | C26: Fenwick H40 | D26: -
A27: 431 | B27: Chariot elevateur | C27: Manitou M26-2 | D27: -
A28: 432 | B28: Voiture de fonction | C28: Berlingo | D28: 9660 -A-73
... A41: 482 | B41: Pick up | C41: HYUNDAI H100 | D41: 22368-A-73
A42: ARM | B42: Semi remorque | C42: MAN | D42: 28661-D-1
A43: 420 | B43: Chariot elevateur | C43: linde h 45
A44: 483 | B44: Chariot elevateur | C44: MI50D
A45: 484 | B45: Chariot elevateur | C45: MI50D

Sheet Feuil3
Z4: Colonne1 | AA4: Colonne2 | AB4: Colonne3 | AC4: Colonne4 | AD4: Colonne5 | AE4: Colonne6

Sheet BDD interv
D1: Formulaire | M1: Code: INS-FL-MAT-08
M2: Version: 00
M3: Date : 20/06/2022
M4: Page : 1/1
A5: Date début | B5: Code | C5: Type | D5: Véhicule | E5: Matricule | F5: N Fiche d'intervention | G5: Partie véhicule | H5: Réclamation / problème | I5: Type d'intervention | J5: Détail Intervention | K5: N BS | L5: Temps d'intervention (min) | M5: Temps d'arrêt (min) | N5: Date fin d'intervention | O5: Observations / Avancement | P5: Rappel | Q5: Mois | R5: An
A6: 37450 | B6: 417 | C6: =IF(ISNA(VLOOKUP(Tableau13[[#This Row],[Code]],'Code Véhicule'!$A$4:$C$185,2,0)),"",VLOOKUP(Tableau13[[#This Row],[Code]],'Code Véhicule'!$A$4:$C$185,2,0)) -> Voiture de fonction | D6: =IF(ISNA(VLOOKUP(Tableau13[[#This Row],[Code]],'Code Véhicule'!$A$4:$C$185,3,0)),"",VLOOKUP(Tableau13[[#This Row],[Code]],'Code Véhicule'!$A$4:$C$185,3,0)) -> Berlingo | E6: =IF(ISNA(VLOOKUP(Tableau13[[#This Row],[Code]],'Code Véhicule'!$A$4:$D$185,4,0))," ",VLOOKUP(Tableau13[[#This Row],[Code]],'Code Véhicule'!$A$4:$D$185,4,0)) -> 981-A-73 | F6: 25609 | G6: Entretien | H6: vidange | I6: c | J6: vidange d'huile moteur 15W40 et changement filtre et filtre a huile a gasoil et filtre a air 255314 km | K6: 166239 | L6: 120 | M6: 120 | N6: 44390 | Q6: =MONTH([1]!Tableau13[[#This Row],[Date début]]) -> #REF! | R6: =YEAR([1]!Tableau13[[#This Row],[Date début]]) -> #REF!
A7: 43770 | B7: 401 | C7: =IF(ISNA(VLOOKUP(Tableau13[[#This Row],[Code]],'Code Véhicule'!$A$4:$C$185,2,0)),"",VLOOKUP(Tableau13[[#This Row],[Code]],'Code Véhicule'!$A$4:$C$185,2,0)) -> Camion | D7: =IF(ISNA(VLOOKUP(Tableau13[[#This Row],[Code]],'Code Véhicule'!$A$4:$C$185,3,0)),"",VLOOKUP(Tableau13[[#This Row],[Code]],'Code Véhicule'!$A$4:$C$185,3,0)) -> ISUZU | E7: =IF(ISNA(VLOOKUP(Tableau13[[#This Row],[Code]],'Code Véhicule'!$A$4:$D$185,4,0))," ",VLOOKUP(Tableau13[[#This Row],[Code]],'Code Véhicule'!$A$4:$D$185,4,0)) -> 26128-A-8 | G7: Roue arriere | H7: bruit anormale | I7: C | J7: changement du trampette d'essieu arriere complet a cause d'endommagement du cote roullement coté gauche ( achat du laferaille ) | N7: 43770 | Q7: =MONTH([1]!Tableau13[[#This Row],[Date début]]) -> #REF! | R7: =YEAR([1]!Tableau13[[#This Row],[Date début]]) -> #REF!
A8: 43770 | B8: 434 | C8: =IF(ISNA(VLOOKUP(Tableau13[[#This Row],[Code]],'Code Véhicule'!$A$4:$C$185,2,0)),"",VLOOKUP(Tableau13[[#This Row],[Code]],'Code Véhicule'!$A$4:$C$185,2,0)) -> Chariot elevateur | D8: =IF(ISNA(VLOOKUP(Tableau13[[#This Row],[Code]],'Code Véhicule'!$A$4:$C$185,3,0)),"",VLOOKUP(Tableau13[[#This Row],[Code]],'Code Véhicule'!$A$4:$C$185,3,0)) -> Linde H30D | E8: =IF(ISNA(VLOOKUP(Tableau13[[#This Row],[Code]],'Code Véhicule'!$A$4:$D$185,4,0))," ",VLOOKUP(Tableau13[[#This Row],[Code]],'Code Véhicule'!$A$4:$D$185,4,0)) -> - | G8: Système electrique | H8: mal fonction | I8: C | J8: réparation du tondeur du courroie et changement de courroie de d'alternateur | M8: =IF(ISBLANK(Tableau13[[#This Row],[N BS]]),"",(Tableau13[[#This Row],[N BS]]-Tableau13[[#This Row],[Date début]])) | N8: 43770 | Q8: =MONTH([1]!Tableau13[[#This Row],[Date début]]) -> #REF! | R8: =YEAR([1]!Tableau13[[#This Row],[Date début]]) -> #REF!
A9: 43773 | B9: 481 | C9: =IF(ISNA(VLOOKUP(Tableau13[[#This Row],[Code]],'Code Véhicule'!$A$4:$C$185,2,0)),"",VLOOKUP(Tableau13[[#This Row],[Code]],'Code Véhicule'!$A$4:$C$185,2,0)) -> Camion | D9: =IF(ISNA(VLOOKUP(Tableau13[[#This Row],[Code]],'Code Véhicule'!$A$4:$C$185,3,0)),"",VLOOKUP(Tableau13[[#This Row],[Code]],'Code Véhicule'!$A$4:$C$185,3,0)) -> VOLVO | E9: =IF(ISNA(VLOOKUP(Tableau13[[#This Row],[Code]],'Code Véhicule'!$A$4:$D$185,4,0))," ",VLOOKUP(Tableau13[[#This Row],[Code]],'Code Véhicule'!$A$4:$D$185,4,0)) -> 22300-A-73 | G9: Grue de levage | H9: materielle | I9: C | J9: changement d'elingue de levage des palettes | N9: 43773 | Q9: =MONTH([1]!Tableau13[[#This Row],[Date début]]) -> #REF! | R9: =YEAR([1]!Tableau13[[#This Row],[Date début]]) -> #REF!
A10: 43773 | B10: 480 | C10: =IF(ISNA(VLOOKUP(Tableau13[[#This Row],[Code]],'Code Véhicule'!$A$4:$C$185,2,0)),"",VLOOKUP(Tableau13[[#This Row],[Code]],'Code Véhicule'!$A$4:$C$185,2,0)) -> Camion | D10: =IF(ISNA(VLOOKUP(Tableau13[[#This Row],[Code]],'Code Véhicule'!$A$4:$C$185,3,0)),"",VLOOKUP(Tableau13[[#This Row],[Code]],'Code Véhicule'!$A$4:$C$185,3,0)) -> VOLVO | E10: =IF(ISNA(VLOOKUP(Tableau13[[#This Row],[Code]],'Code Véhicule'!$A$4:$D$185,4,0))," ",VLOOKUP(Tableau13[[#This Row],[Code]],'Code Véhicule'!$A$4:$D$185,4,0)) -> 22299-A-73 | G10: Grue de levage | H10: materielle | I10: C | J10: changement d'elingue de levage des palettes | N10: 43773 | Q10: =MONTH([1]!Tableau13[[#This Row],[Date début]]) -> #REF! | R10: =YEAR([1]!Tableau13[[#This Row],[Date début]]) -> #REF!
A11: 43775 | B11: 406 | C11: =IF(ISNA(VLOOKUP(Tableau13[[#This Row],[Code]],'Code Véhicule'!$A$4:$C$185,2,0)),"",VLOOKUP(Tableau13[[#This Row],[Code]],'Code Véhicule'!$A$4:$C$185,2,0)) -> Semi remorque | D11: =IF(ISNA(VLOOKUP(Tableau13[[#This Row],[Code]],'Code Véhicule'!$A$4:$C$185,3,0)),"",VLOOKUP(Tableau13[[#This Row],[Code]],'Code Véhicule'!$A$4:$C$185,3,0)) -> VOLVO | E11: =IF(ISNA(VLOOKUP(Tableau13[[#This Row],[Code]],'Code Véhicule'!$A$4:$D$185,4,0))," ",VLOOKUP(Tableau13[[#This Row],[Code]],'Code Véhicule'!$A$4:$D$185,4,0)) -> 70352-A-6 | G11: Moteur | H11: bruit anormale | I11: C | J11: changement du support de ventilateur de refroidissemen moteur avec roullement ref 58554 | N11: 43775 | Q11: =MONTH([1]!Tableau13[[#This Row],[Date début]]) -> #REF! | R11: =YEAR([1]!Tableau13[[#This Row],[Date début]]) -> #REF!
A12: 43776 | B12: 482 | C12: =IF(ISNA(VLOOKUP(Tableau13[[#This Row],[Code]],'Code Véhicule'!$A$4:$C$185,2,0)),"",VLOOKUP(Tableau13[[#This Row],[Code]],'Code Véhicule'!$A$4:$C$185,2,0)) -> Pick up | D12: =IF(ISNA(VLOOKUP(Tableau13[[#This Row],[Code]],'Code Véhicule'!$A$4:$C$185,3,0)),"",VLOOKUP(Tableau13[[#This Row],[Code]],'Code Véhicule'!$A$4:$C$185,3,0)) -> HYUNDAI H100 | E12: =IF(ISNA(VLOOKUP(Tableau13[[#This Row],[Code]],'Code Véhicule'!$A$4:$D$185,4,0))," ",VLOOKUP(Tableau13[[#This Row],[Code]],'Code Véhicule'!$A$4:$D$185,4,0)) -> 22368-A-73 | G12: Accessoire | H12: plaque de signale | I12: C | J12: equippement d'engin par galet de securité et plaque d'en panne | N12: 43776 | Q12: =MONTH([1]!Tableau13[[#This Row],[Date début]]) -> #REF! | R12: =YEAR([1]!Tableau13[[#This Row],[Date début]]) -> #REF!
A13: 43776 | B13: 435 | C13: =IF(ISNA(VLOOKUP(Tableau13[[#This Row],[Code]],'Code Véhicule'!$A$4:$C$185,2,0)),"",VLOOKUP(Tableau13[[#This Row],[Code]],'Code Véhicule'!$A$4:$C$185,2,0)) -> Camion | D13: =IF(ISNA(VLOOKUP(Tableau13[[#This Row],[Code]],'Code Véhicule'!$A$4:$C$185,3,0)),"",VLOOKUP(Tableau13[[#This Row],[Code]],'Code Véhicule'!$A$4:$C$185,3,0)) -> Mitsubishi | E13: =IF(ISNA(VLOOKUP(Tableau13[[#This Row],[Code]],'Code Véhicule'!$A$4:$D$185,4,0))," ",VLOOKUP(Tableau13[[#This Row],[Code]],'Code Véhicule'!$A$4:$D$185,4,0)) -> 11469-A-73 | G13: Moteur | H13: vidange | I13: P | J13: vidange d'huile moteur 15W40 341057 km | N13: 43776 | Q13: =MONTH([1]!Tableau13[[#This Row],[Date début]]) -> #REF! | R13: =YEAR([1]!Tableau13[[#This Row],[Date début]]) -> #REF!
A14: 43776 | B14: 410 | C14: =IF(ISNA(VLOOKUP(Tableau13[[#This Row],[Code]],'Code Véhicule'!$A$4:$C$185,2,0)),"",VLOOKUP(Tableau13[[#This Row],[Code]],'Code Véhicule'!$A$4:$C$185,2,0)) -> Semi remorque | D14: =IF(ISNA(VLOOKUP(Tableau13[[#This Row],[Code]],'Code Véhicule'!$A$4:$C$185,3,0)),"",VLOOKUP(Tableau13[[#This Row],[Code]],'Code Véhicule'!$A$4:$C$185,3,0)) -> MAN | E14: =IF(ISNA(VLOOKUP(Tableau13[[#This Row],[Code]],'Code Véhicule'!$A$4:$D$185,4,0))," ",VLOOKUP(Tableau13[[#This Row],[Code]],'Code Véhicule'!$A$4:$D$185,4,0)) -> 28659-D-1 | G14: Accessoire | H14: materielle | I14: C | J14: changement du gilet de securité | N14: 43776 | Q14: =MONTH([1]!Tableau13[[#This Row],[Date début]]) -> #REF! | R14: =YEAR([1]!Tableau13[[#This Row],[Date début]]) -> #REF!
A15: 43776 | B15: 479 | C15: =IF(ISNA(VLOOKUP(Tableau13[[#This Row],[Code]],'Code Véhicule'!$A$4:$C$185,2,0)),"",VLOOKUP(Tableau13[[#This Row],[Code]],'Code Véhicule'!$A$4:$C$185,2,0)) -> Bus de transport | D15: =IF(ISNA(VLOOKUP(Tableau13[[#This Row],[Code]],'Code Véhicule'!$A$4:$C$185,3,0)),"",VLOOKUP(Tableau13[[#This Row],[Code]],'Code Véhicule'!$A$4:$C$185,3,0)) -> Hyundai County | E15: =IF(ISNA(VLOOKUP(Tableau13[[#This Row],[Code]],'Code Véhicule'!$A$4:$D$185,4,0))," ",VLOOKUP(Tableau13[[#This Row],[Code]],'Code Véhicule'!$A$4:$D$185,4,0)) -> 22772-A-73 | G15: Accessoire | H15: materielle | I15: C | J15: changement d'eixtincteur | N15: 43776 | Q15: =MONTH([1]!Tableau13[[#This Row],[Date début]]) -> #REF! | R15: =YEAR([1]!Tableau13[[#This Row],[Date début]]) -> #REF!
A16: 43781 | B16: 411 | C16: =IF(ISNA(VLOOKUP(Tableau13[[#This Row],[Code]],'Code Véhicule'!$A$4:$C$185,2,0)),"",VLOOKUP(Tableau13[[#This Row],[Code]],'Code Véhicule'!$A$4:$C$185,2,0)) -> Camion | D16: =IF(ISNA(VLOOKUP(Tableau13[[#This Row],[Code]],'Code Véhicule'!$A$4:$C$185,3,0)),"",VLOOKUP(Tableau13[[#This Row],[Code]],'Code Véhicule'!$A$4:$C$185,3,0)) -> Renault | E16: =IF(ISNA(VLOOKUP(Tableau13[[#This Row],[Code]],'Code Véhicule'!$A$4:$D$185,4,0))," ",VLOOKUP(Tableau13[[#This Row],[Code]],'Code Véhicule'!$A$4:$D$185,4,0)) -> 25636-A-13 | G16: Grue de levage | H16: materielle | I16: C | J16: changement d'elingue de levage des palettes | N16: 43781 | Q16: =MONTH([1]!Tableau13[[#This Row],[Date début]]) -> #REF! | R16: =YEAR([1]!Tableau13[[#This Row],[Date début]]) -> #REF!
A17: 43781 | B17: 439 | C17: =IF(ISNA(VLOOKUP(Tableau13[[#This Row],[Code]],'Code Véhicule'!$A$4:$C$185,2,0)),"",VLOOKUP(Tableau13[[#This Row],[Code]],'Code Véhicule'!$A$4:$C$185,2,0)) -> Semi remorque | D17: =IF(ISNA(VLOOKUP(Tableau13[[#This Row],[Code]],'Code Véhicule'!$A$4:$C$185,3,0)),"",VLOOKUP(Tableau13[[#This Row],[Code]],'Code Véhicule'!$A$4:$C$185,3,0)) -> VOLVO | E17: =IF(ISNA(VLOOKUP(Tableau13[[#This Row],[Code]],'Code Véhicule'!$A$4:$D$185,4,0))," ",VLOOKUP(Tableau13[[#This Row],[Code]],'Code Véhicule'!$A$4:$D$185,4,0)) -> 17886-A-73 | G17: Système electrique | H17: eclairage | I17: C | J17: réparation d'eclairage et changemet des lampes | N17: 43781 | Q17: =MONTH([1]!Tableau13[[#This Row],[Date début]]) -> #REF! | R17: =YEAR([1]!Tableau13[[#This Row],[Date début]]) -> #REF!
A18: 43781 | B18: 410 | C18: =IF(ISNA(VLOOKUP(Tableau13[[#This Row],[Code]],'Code Véhicule'!$A$4:$C$185,2,0)),"",VLOOKUP(Tableau13[[#This Row],[Code]],'Code Véhicule'!$A$4:$C$185,2,0)) -> Semi remorque | D18: =IF(ISNA(VLOOKUP(Tableau13[[#This Row],[Code]],'Code Véhicule'!$A$4:$C$185,3,0)),"",VLOOKUP(Tableau13[[#This Row],[Code]],'Code Véhicule'!$A$4:$C$185,3,0)) -> MAN | E18: =IF(ISNA(VLOOKUP(Tableau13[[#This Row],[Code]],'Code Véhicule'!$A$4:$D$185,4,0))," ",VLOOKUP(Tableau13[[#This Row],[Code]],'Code Véhicule'!$A$4:$D$185,4,0)) -> 28659-D-1 | G18: Système electrique | H18: eclairage | I18: C | J18: réparation d'eclairage et changemet des lampes | N18: 43781 | Q18: =MONTH([1]!Tableau13[[#This Row],[Date début]]) -> #REF! | R18: =YEAR([1]!Tableau13[[#This Row],[Date début]]) -> #REF!
A19: 43781 | B19: 438 | C19: =IF(ISNA(VLOOKUP(Tableau13[[#This Row],[Code]],'Code Véhicule'!$A$4:$C$185,2,0)),"",VLOOKUP(Tableau13[[#This Row],[Code]],'Code Véhicule'!$A$4:$C$185,2,0)) -> Semi remorque | D19: =IF(ISNA(VLOOKUP(Tableau13[[#This Row],[Code]],'Code Véhicule'!$A$4:$C$185,3,0)),"",VLOOKUP(Tableau13[[#This Row],[Code]],'Code Véhicule'!$A$4:$C$185,3,0)) -> VOLVO | E19: =IF(ISNA(VLOOKUP(Tableau13[[#This Row],[Code]],'Code Véhicule'!$A$4:$D$185,4,0))," ",VLOOKUP(Tableau13[[#This Row],[Code]],'Code Véhicule'!$A$4:$D$185,4,0)) -> 17885-A-73 | G19: Système electrique | H19: eclairage | I19: C | J19: réparation d'eclairage et changemet des lampes | N19: 43781 | Q19: =MONTH([1]!Tableau13[[#This Row],[Date début]]) -> #REF! | R19: =YEAR([1]!Tableau13[[#This Row],[Date début]]) -> #REF!
A20: 43782 | B20: 408 | C20: =IF(ISNA(VLOOKUP(Tableau13[[#This Row],[Code]],'Code Véhicule'!$A$4:$C$185,2,0)),"",VLOOKUP(Tableau13[[#This Row],[Code]],'Code Véhicule'!$A$4:$C$185,2,0)) -> Camion | D20: =IF(ISNA(VLOOKUP(Tableau13[[#This Row],[Code]],'Code Véhicule'!$A$4:$C$185,3,0)),"",VLOOKUP(Tableau13[[#This Row],[Code]],'Code Véhicule'!$A$4:$C$185,3,0)) -> Mitsubishi | E20: =IF(ISNA(VLOOKUP(Tableau13[[#This Row],[Code]],'Code Véhicule'!$A$4:$D$185,4,0))," ",VLOOKUP(Tableau13[[#This Row],[Code]],'Code Véhicule'!$A$4:$D$185,4,0)) -> 4703-A-73 | G20: Direction assisté | H20: vidange | I20: C | J20: réparation du probleme de direction assisté | N20: 43782 | Q20: =MONTH([1]!Tableau13[[#This Row],[Date début]]) -> #REF! | R20: =YEAR([1]!Tableau13[[#This Row],[Date début]]) -> #REF!
A21: 43783 | B21: 411 | C21: =IF(ISNA(VLOOKUP(Tableau13[[#This Row],[Code]],'Code Véhicule'!$A$4:$C$185,2,0)),"",VLOOKUP(Tableau13[[#This Row],[Code]],'Code Véhicule'!$A$4:$C$185,2,0)) -> Camion | D21: =IF(ISNA(VLOOKUP(Tableau13[[#This Row],[Code]],'Code Véhicule'!$A$4:$C$185,3,0)),"",VLOOKUP(Tableau13[[#This Row],[Code]],'Code Véhicule'!$A$4:$C$185,3,0)) -> Renault | E21: =IF(ISNA(VLOOKUP(Tableau13[[#This Row],[Code]],'Code Véhicule'!$A$4:$D$185,4,0))," ",VLOOKUP(Tableau13[[#This Row],[Code]],'Code Véhicule'!$A$4:$D$185,4,0)) -> 25636-A-13 | G21: Embrayage | H21: mal fonction | I21: C | J21: réparation et réglage du jeu d'embrayage purge du circuit d'huile | N21: 43783 | Q21: =MONTH([1]!Tableau13[[#This Row],[Date début]]) -> #REF! | R21: =YEAR([1]!Tableau13[[#This Row],[Date début]]) -> #REF!
A22: 43784 | B22: 414 | C22: =IF(ISNA(VLOOKUP(Tableau13[[#This Row],[Code]],'Code Véhicule'!$A$4:$C$185,2,0)),"",VLOOKUP(Tableau13[[#This Row],[Code]],'Code Véhicule'!$A$4:$C$185,2,0)) -> Balayeuse | D22: =IF(ISNA(VLOOKUP(Tableau13[[#This Row],[Code]],'Code Véhicule'!$A$4:$C$185,3,0)),"",VLOOKUP(Tableau13[[#This Row],[Code]],'Code Véhicule'!$A$4:$C$185,3,0)) -> Bobcat | E22: =IF(ISNA(VLOOKUP(Tableau13[[#This Row],[Code]],'Code Véhicule'!$A$4:$D$185,4,0))," ",VLOOKUP(Tableau13[[#This Row],[Code]],'Code Véhicule'!$A$4:$D$185,4,0)) -> - | G22: Mécanique | I22: C | J22: changement du brosse de netoyage changement battrie de démarrage + courroie de ventulateur +vidange d'huile moteur et changeent du filtre a huile + gasoil+ hydraulique répartion et soudage du goudet de netoyage | M22: =IF(ISBLANK(Tableau13[[#This Row],[N BS]]),"",(Tableau13[[#This Row],[N BS]]-Tableau13[[#This Row],[Date début]])) | N22: 43784 | Q22: =MONTH([1]!Tableau13[[#This Row],[Date début]]) -> #REF! | R22: =YEAR([1]!Tableau13[[#This Row],[Date début]]) -> #REF!
A23: 43785 | B23: 406 | C23: =IF(ISNA(VLOOKUP(Tableau13[[#This Row],[Code]],'Code Véhicule'!$A$4:$C$185,2,0)),"",VLOOKUP(Tableau13[[#This Row],[Code]],'Code Véhicule'!$A$4:$C$185,2,0)) -> Semi remorque | D23: =IF(ISNA(VLOOKUP(Tableau13[[#This Row],[Code]],'Code Véhicule'!$A$4:$C$185,3,0)),"",VLOOKUP(Tableau13[[#This Row],[Code]],'Code Véhicule'!$A$4:$C$185,3,0)) -> VOLVO | E23: =IF(ISNA(VLOOKUP(Tableau13[[#This Row],[Code]],'Code Véhicule'!$A$4:$D$185,4,0))," ",VLOOKUP(Tableau13[[#This Row],[Code]],'Code Véhicule'!$A$4:$D$185,4,0)) -> 70352-A-6 | G23: Système electrique | H23: electrique | I23: C | J23: réparation du probléme de démarrage | N23: 43785 | Q23: =MONTH([1]!Tableau13[[#This Row],[Date début]]) -> #REF! | R23: =YEAR([1]!Tableau13[[#This Row],[Date début]]) -> #REF!
A24: 43785 | B24: 410 | C24: =IF(ISNA(VLOOKUP(Tableau13[[#This Row],[Code]],'Code Véhicule'!$A$4:$C$185,2,0)),"",VLOOKUP(Tableau13[[#This Row],[Code]],'Code Véhicule'!$A$4:$C$185,2,0)) -> Semi remorque | D24: =IF(ISNA(VLOOKUP(Tableau13[[#This Row],[Code]],'Code Véhicule'!$A$4:$C$185,3,0)),"",VLOOKUP(Tableau13[[#This Row],[Code]],'Code Véhicule'!$A$4:$C$185,3,0)) -> MAN | E24: =IF(ISNA(VLOOKUP(Tableau13[[#This Row],[Code]],'Code Véhicule'!$A$4:$D$185,4,0))," ",VLOOKUP(Tableau13[[#This Row],[Code]],'Code Véhicule'!$A$4:$D$185,4,0)) -> 28659-D-1 | G24: Moteur | H24: electrique | I24: C | J24: réparation du probleme de démarrage du moteur et changement des filtres et netoyage du reservoire de gasoil | N24: 43785 | Q24: =MONTH([1]!Tableau13[[#This Row],[Date début]]) -> #REF! | R24: =YEAR([1]!Tableau13[[#This Row],[Date début]]) -> #REF!
A25: 43785 | B25: 411 | C25: =IF(ISNA(VLOOKUP(Tableau13[[#This Row],[Code]],'Code Véhicule'!$A$4:$C$185,2,0)),"",VLOOKUP(Tableau13[[#This Row],[Code]],'Code Véhicule'!$A$4:$C$185,2,0)) -> Camion | D25: =IF(ISNA(VLOOKUP(Tableau13[[#This Row],[Code]],'Code Véhicule'!$A$4:$C$185,3,0)),"",VLOOKUP(Tableau13[[#This Row],[Code]],'Code Véhicule'!$A$4:$C$185,3,0)) -> Renault | E25: =IF(ISNA(VLOOKUP(Tableau13[[#This Row],[Code]],'Code Véhicule'!$A$4:$D$185,4,0))," ",VLOOKUP(Tableau13[[#This Row],[Code]],'Code Véhicule'!$A$4:$D$185,4,0)) -> 25636-A-13 | G25: Embrayage | I25: C | J25: changement du kit d'embrayage complet (disque ,plateau et butée ) changement du support cardon changement du pompe d'embrayege inferieur vidange d'huile moteur et pontarriere et boite de vitesse 576773 km | K25: 43792 | N25: 43785 | Q25: =MONTH([1]!Tableau13[[#This Row],[Date début]]) -> #REF! | R25: =YEAR([1]!Tableau13[[#This Row],[Date début]]) -> #REF!
A26: 43788 | B26: 429 | C26: =IF(ISNA(VLOOKUP(Tableau13[[#This Row],[Code]],'Code Véhicule'!$A$4:$C$185,2,0)),"",VLOOKUP(Tableau13[[#This Row],[Code]],'Code Véhicule'!$A$4:$C$185,2,0)) -> Chariot elevateur | D26: =IF(ISNA(VLOOKUP(Tableau13[[#This Row],[Code]],'Code Véhicule'!$A$4:$C$185,3,0)),"",VLOOKUP(Tableau13[[#This Row],[Code]],'Code Véhicule'!$A$4:$C$185,3,0)) -> Fenwick HD30 | E26: =IF(ISNA(VLOOKUP(Tableau13[[#This Row],[Code]],'Code Véhicule'!$A$4:$D$185,4,0))," ",VLOOKUP(Tableau13[[#This Row],[Code]],'Code Véhicule'!$A$4:$D$185,4,0)) -> - | G26: Entretien | H26: vidange | I26: P | J26: mise a niveau d'huile hydraulique | M26: =IF(ISBLANK(Tableau13[[#This Row],[N BS]]),"",(Tableau13[[#This Row],[N BS]]-Tableau13[[#This Row],[Date début]])) | N26: 43788 | Q26: =MONTH([1]!Tableau13[[#This Row],[Date début]]) -> #REF! | R26: =YEAR([1]!Tableau13[[#This Row],[Date début]]) -> #REF!
A27: 43789 | B27: 436 | C27: =IF(ISNA(VLOOKUP(Tableau13[[#This Row],[Code]],'Code Véhicule'!$A$4:$C$185,2,0)),"",VLOOKUP(Tableau13[[#This Row],[Code]],'Code Véhicule'!$A$4:$C$185,2,0)) -> Camion | D27: =IF(ISNA(VLOOKUP(Tableau13[[#This Row],[Code]],'Code Véhicule'!$A$4:$C$185,3,0)),"",VLOOKUP(Tableau13[[#This Row],[Code]],'Code Véhicule'!$A$4:$C$185,3,0)) -> Mitsubishi | E27: =IF(ISNA(VLOOKUP(Tableau13[[#This Row],[Code]],'Code Véhicule'!$A$4:$D$185,4,0))," ",VLOOKUP(Tableau13[[#This Row],[Code]],'Code Véhicule'!$A$4:$D$185,4,0)) -> 11470-A-73 | G27: Pneu | H27: pneu | I27: C | J27: changement des quatre pneus ref 12R22,5 | N27: 43789 | Q27: =MONTH([1]!Tableau13[[#This Row],[Date début]]) -> #REF! | R27: =YEAR([1]!Tableau13[[#This Row],[Date début]]) -> #REF!
A28: 43790 | B28: 471 | C28: =IF(ISNA(VLOOKUP(Tableau13[[#This Row],[Code]],'Code Véhicule'!$A$4:$C$185,2,0)),"",VLOOKUP(Tableau13[[#This Row],[Code]],'Code Véhicule'!$A$4:$C$185,2,0)) -> Bus de transport | D28: =IF(ISNA(VLOOKUP(Tableau13[[#This Row],[Code]],'Code Véhicule'!$A$4:$C$185,3,0)),"",VLOOKUP(Tableau13[[#This Row],[Code]],'Code Véhicule'!$A$4:$C$185,3,0)) -> Hyundai County | E28: =IF(ISNA(VLOOKUP(Tableau13[[#This Row],[Code]],'Code Véhicule'!$A$4:$D$185,4,0))," ",VLOOKUP(Tableau13[[#This Row],[Code]],'Code Véhicule'!$A$4:$D$185,4,0)) -> 18516-A-73 | G28: Système electrique | H28: eclairage | I28: C | J28: réparation du probleme d'eclairage | N28: 43790 | Q28: =MONTH([1]!Tableau13[[#This Row],[Date début]]) -> #REF! | R28: =YEAR([1]!Tableau13[[#This Row],[Date début]]) -> #REF!
A29: 43791 | B29: 439 | C29: =IF(ISNA(VLOOKUP(Tableau13[[#This Row],[Code]],'Code Véhicule'!$A$4:$C$185,2,0)),"",VLOOKUP(Tableau13[[#This Row],[Code]],'Code Véhicule'!$A$4:$C$185,2,0)) -> Semi remorque | D29: =IF(ISNA(VLOOKUP(Tableau13[[#This Row],[Code]],'Code Véhicule'!$A$4:$C$185,3,0)),"",VLOOKUP(Tableau13[[#This Row],[Code]],'Code Véhicule'!$A$4:$C$185,3,0)) -> VOLVO | E29: =IF(ISNA(VLOOKUP(Tableau13[[#This Row],[Code]],'Code Véhicule'!$A$4:$D$185,4,0))," ",VLOOKUP(Tableau13[[#This Row],[Code]],'Code Véhicule'!$A$4:$D$185,4,0)) -> 17886-A-73 | G29: Moteur | H29: mal fonction | I29: C | J29: changement du bouchon de gasoil | N29: 43791 | Q29: =MONTH([1]!Tableau13[[#This Row],[Date début]]) -> #REF! | R29: =YEAR([1]!Tableau13[[#This Row],[Date début]]) -> #REF!
A30: 43791 | B30: 409 | C30: =IF(ISNA(VLOOKUP(Tableau13[[#This Row],[Code]],'Code Véhicule'!$A$4:$C$185,2,0)),"",VLOOKUP(Tableau13[[#This Row],[Code]],'Code Véhicule'!$A$4:$C$185,2,0)) -> Camion | D30: =IF(ISNA(VLOOKUP(Tableau13[[#This Row],[Code]],'Code Véhicule'!$A$4:$C$185,3,0)),"",VLOOKUP(Tableau13[[#This Row],[Code]],'Code Véhicule'!$A$4:$C$185,3,0)) -> Mitsubishi | E30: =IF(ISNA(VLOOKUP(Tableau13[[#This Row],[Code]],'Code Véhicule'!$A$4:$D$185,4,0))," ",VLOOKUP(Tableau13[[#This Row],[Code]],'Code Véhicule'!$A$4:$D$185,4,0)) -> 4969-A-73 | G30: Moteur | H30: vidange | I30: P | J30: vidange d'huile moteur et changement di filtre a huile et gasoil lavage et graissage generale d'engin réparation du fuuite d'air comprimé lavage et graissage generale d'engin | N30: 43791 | Q30: =MONTH([1]!Tableau13[[#This Row],[Date début]]) -> #REF! | R30: =YEAR([1]!Tableau13[[#This Row],[Date début]]) -> #REF!
A31: 43791 | B31: 413 | C31: =IF(ISNA(VLOOKUP(Tableau13[[#This Row],[Code]],'Code Véhicule'!$A$4:$C$185,2,0)),"",VLOOKUP(Tableau13[[#This Row],[Code]],'Code Véhicule'!$A$4:$C$185,2,0)) -> Chargeur | D31: =IF(ISNA(VLOOKUP(Tableau13[[#This Row],[Code]],'Code Véhicule'!$A$4:$C$185,3,0)),"",VLOOKUP(Tableau13[[#This Row],[Code]],'Code Véhicule'!$A$4:$C$185,3,0)) -> Caterpillar | E31: =IF(ISNA(VLOOKUP(Tableau13[[#This Row],[Code]],'Code Véhicule'!$A$4:$D$185,4,0))," ",VLOOKUP(Tableau13[[#This Row],[Code]],'Code Véhicule'!$A$4:$D$185,4,0)) -> - | G31: Système electrique | H31: mal fonction | I31: C | J31: réparation du probleme de mache avant arriere mise a niveau d'huile hydraulique | M31: =IF(ISBLANK(Tableau13[[#This Row],[N BS]]),"",(Tableau13[[#This Row],[N BS]]-Tableau13[[#This Row],[Date début]])) | N31: 43791 | Q31: =MONTH([1]!Tableau13[[#This Row],[Date début]]) -> #REF! | R31: =YEAR([1]!Tableau13[[#This Row],[Date début]]) -> #REF!
A32: 43791 | B32: 435 | C32: =IF(ISNA(VLOOKUP(Tableau13[[#This Row],[Code]],'Code Véhicule'!$A$4:$C$185,2,0)),"",VLOOKUP(Tableau13[[#This Row],[Code]],'Code Véhicule'!$A$4:$C$185,2,0)) -> Camion | D32: =IF(ISNA(VLOOKUP(Tableau13[[#This Row],[Code]],'Code Véhicule'!$A$4:$C$185,3,0)),"",VLOOKUP(Tableau13[[#This Row],[Code]],'Code Véhicule'!$A$4:$C$185,3,0)) -> Mitsubishi | E32: =IF(ISNA(VLOOKUP(Tableau13[[#This Row],[Code]],'Code Véhicule'!$A$4:$D$185,4,0))," ",VLOOKUP(Tableau13[[#This Row],[Code]],'Code Véhicule'!$A$4:$D$185,4,0)) -> 11469-A-73 | G32: suspension | I32: C | J32: réparation des element de susponsion | K32: 43792 | N32: 43791 | Q32: =MONTH([1]!Tableau13[[#This Row],[Date début]]) -> #REF! | R32: =YEAR([1]!Tableau13[[#This Row],[Date début]]) -> #REF!
A33: 43793 | B33: 429 | C33: =IF(ISNA(VLOOKUP(Tableau13[[#This Row],[Code]],'Code Véhicule'!$A$4:$C$185,2,0)),"",VLOOKUP(Tableau13[[#This Row],[Code]],'Code Véhicule'!$A$4:$C$185,2,0)) -> Chariot elevateur | D33: =IF(ISNA(VLOOKUP(Tableau13[[#This Row],[Code]],'Code Véhicule'!$A$4:$C$185,3,0)),"",VLOOKUP(Tableau13[[#This Row],[Code]],'Code Véhicule'!$A$4:$C$185,3,0)) -> Fenwick HD30 | E33: =IF(ISNA(VLOOKUP(Tableau13[[#This Row],[Code]],'Code Véhicule'!$A$4:$D$185,4,0))," ",VLOOKUP(Tableau13[[#This Row],[Code]],'Code Véhicule'!$A$4:$D$185,4,0)) -> - | G33: Roue arriere | H33: mal fonction | I33: C | J33: changement du kit réparation d'axe fusee | M33: =IF(ISBLANK(Tableau13[[#This Row],[N BS]]),"",(Tableau13[[#This Row],[N BS]]-Tableau13[[#This Row],[Date début]])) | N33: 43793 | Q33: =MONTH([1]!Tableau13[[#This Row],[Date début]]) -> #REF! | R33: =YEAR([1]!Tableau13[[#This Row],[Date début]]) -> #REF!
A34: 43794 | B34: 403 | C34: =IF(ISNA(VLOOKUP(Tableau13[[#This Row],[Code]],'Code Véhicule'!$A$4:$C$185,2,0)),"",VLOOKUP(Tableau13[[#This Row],[Code]],'Code Véhicule'!$A$4:$C$185,2,0)) -> Camion | D34: =IF(ISNA(VLOOKUP(Tableau13[[#This Row],[Code]],'Code Véhicule'!$A$4:$C$185,3,0)),"",VLOOKUP(Tableau13[[#This Row],[Code]],'Code Véhicule'!$A$4:$C$185,3,0)) -> MAN | E34: =IF(ISNA(VLOOKUP(Tableau13[[#This Row],[Code]],'Code Véhicule'!$A$4:$D$185,4,0))," ",VLOOKUP(Tableau13[[#This Row],[Code]],'Code Véhicule'!$A$4:$D$185,4,0)) -> 4790-B-8 | G34: Accessoire | I34: c | J34: montage des auto coulant | N34: 43794 | Q34: =MONTH([1]!Tableau13[[#This Row],[Date début]]) -> #REF! | R34: =YEAR([1]!Tableau13[[#This Row],[Date début]]) -> #REF!
A35: 43795 | B35: 410 | C35: =IF(ISNA(VLOOKUP(Tableau13[[#This Row],[Code]],'Code Véhicule'!$A$4:$C$185,2,0)),"",VLOOKUP(Tableau13[[#This Row],[Code]],'Code Véhicule'!$A$4:$C$185,2,0)) -> Semi remorque | D35: =IF(ISNA(VLOOKUP(Tableau13[[#This Row],[Code]],'Code Véhicule'!$A$4:$C$185,3,0)),"",VLOOKUP(Tableau13[[#This Row],[Code]],'Code Véhicule'!$A$4:$C$185,3,0)) -> MAN | E35: =IF(ISNA(VLOOKUP(Tableau13[[#This Row],[Code]],'Code Véhicule'!$A$4:$D$185,4,0))," ",VLOOKUP(Tableau13[[#This Row],[Code]],'Code Véhicule'!$A$4:$D$185,4,0)) -> 28659-D-1 | G35: Freinage | I35: C | J35: changement du came de réglage frein cote arriere droit du tracteur et optique avant droit | N35: 43795 | Q35: =MONTH([1]!Tableau13[[#This Row],[Date début]]) -> #REF! | R35: =YEAR([1]!Tableau13[[#This Row],[Date début]]) -> #REF!
A36: 43795 | B36: 435 | C36: =IF(ISNA(VLOOKUP(Tableau13[[#This Row],[Code]],'Code Véhicule'!$A$4:$C$185,2,0)),"",VLOOKUP(Tableau13[[#This Row],[Code]],'Code Véhicule'!$A$4:$C$185,2,0)) -> Camion | D36: =IF(ISNA(VLOOKUP(Tableau13[[#This Row],[Code]],'Code Véhicule'!$A$4:$C$185,3,0)),"",VLOOKUP(Tableau13[[#This Row],[Code]],'Code Véhicule'!$A$4:$C$185,3,0)) -> Mitsubishi | E36: =IF(ISNA(VLOOKUP(Tableau13[[#This Row],[Code]],'Code Véhicule'!$A$4:$D$185,4,0))," ",VLOOKUP(Tableau13[[#This Row],[Code]],'Code Véhicule'!$A$4:$D$185,4,0)) -> 11469-A-73 | G36: Grue de levage | I36: C | N36: 43795 | Q36: =MONTH([1]!Tableau13[[#This Row],[Date début]]) -> #REF! | R36: =YEAR([1]!Tableau13[[#This Row],[Date début]]) -> #REF!
A37: 43797 | B37: 428 | C37: =IF(ISNA(VLOOKUP(Tableau13[[#This Row],[Code]],'Code Véhicule'!$A$4:$C$185,2,0)),"",VLOOKUP(Tableau13[[#This Row],[Code]],'Code Véhicule'!$A$4:$C$185,2,0)) -> Chariot elevateur | D37: =IF(ISNA(VLOOKUP(Tableau13[[#This Row],[Code]],'Code Véhicule'!$A$4:$C$185,3,0)),"",VLOOKUP(Tableau13[[#This Row],[Code]],'Code Véhicule'!$A$4:$C$185,3,0)) -> Linde H30 | E37: =IF(ISNA(VLOOKUP(Tableau13[[#This Row],[Code]],'Code Véhicule'!$A$4:$D$185,4,0))," ",VLOOKUP(Tableau13[[#This Row],[Code]],'Code Véhicule'!$A$4:$D$185,4,0)) -> - | G37: Entretien | H37: vidange | I37: P | J37: vidange d'huilemoteur 15W40 lavage tet graissage generale d'engin | M37: =IF(ISBLANK(Tableau13[[#This Row],[N BS]]),"",(Tableau13[[#This Row],[N BS]]-Tableau13[[#This Row],[Date début]])) | N37: 43797 | Q37: =MONTH([1]!Tableau13[[#This Row],[Date début]]) -> #REF! | R37: =YEAR([1]!Tableau13[[#This Row],[Date début]]) -> #REF!
A38: 43797 | B38: 426 | C38: =IF(ISNA(VLOOKUP(Tableau13[[#This Row],[Code]],'Code Véhicule'!$A$4:$C$185,2,0)),"",VLOOKUP(Tableau13[[#This Row],[Code]],'Code Véhicule'!$A$4:$C$185,2,0)) -> Chariot elevateur | D38: =IF(ISNA(VLOOKUP(Tableau13[[#This Row],[Code]],'Code Véhicule'!$A$4:$C$185,3,0)),"",VLOOKUP(Tableau13[[#This Row],[Code]],'Code Véhicule'!$A$4:$C$185,3,0)) -> Manitou MC 30 | E38: =IF(ISNA(VLOOKUP(Tableau13[[#This Row],[Code]],'Code Véhicule'!$A$4:$D$185,4,0))," ",VLOOKUP(Tableau13[[#This Row],[Code]],'Code Véhicule'!$A$4:$D$185,4,0)) -> - | G38: Système electrique | I38: C | J38: réparation d'eclairage et changemet des lampes | M38: =IF(ISBLANK(Tableau13[[#This Row],[N BS]]),"",(Tableau13[[#This Row],[N BS]]-Tableau13[[#This Row],[Date début]])) | N38: 43797 | Q38: =MONTH([1]!Tableau13[[#This Row],[Date début]]) -> #REF! | R38: =YEAR([1]!Tableau13[[#This Row],[Date début]]) -> #REF!
A39: 43797 | B39: 407 | C39: =IF(ISNA(VLOOKUP(Tableau13[[#This Row],[Code]],'Code Véhicule'!$A$4:$C$185,2,0)),"",VLOOKUP(Tableau13[[#This Row],[Code]],'Code Véhicule'!$A$4:$C$185,2,0)) -> Semi remorque | D39: =IF(ISNA(VLOOKUP(Tableau13[[#This Row],[Code]],'Code Véhicule'!$A$4:$C$185,3,0)),"",VLOOKUP(Tableau13[[#This Row],[Code]],'Code Véhicule'!$A$4:$C$185,3,0)) -> MAN | E39: =IF(ISNA(VLOOKUP(Tableau13[[#This Row],[Code]],'Code Véhicule'!$A$4:$D$185,4,0))," ",VLOOKUP(Tableau13[[#This Row],[Code]],'Code Véhicule'!$A$4:$D$185,4,0)) -> 706-A-73 | G39: pneu | I39: C | J39: réparation du crevaison pneu par meche de réparation | K39: 43797 | N39: 43797 | Q39: =MONTH([1]!Tableau13[[#This Row],[Date début]]) -> #REF! | R39: =YEAR([1]!Tableau13[[#This Row],[Date début]]) -> #REF!
A40: 43797 | B40: 433 | C40: =IF(ISNA(VLOOKUP(Tableau13[[#This Row],[Code]],'Code Véhicule'!$A$4:$C$185,2,0)),"",VLOOKUP(Tableau13[[#This Row],[Code]],'Code Véhicule'!$A$4:$C$185,2,0)) -> Voiture de fonction | D40: =IF(ISNA(VLOOKUP(Tableau13[[#This Row],[Code]],'Code Véhicule'!$A$4:$C$185,3,0)),"",VLOOKUP(Tableau13[[#This Row],[Code]],'Code Véhicule'!$A$4:$C$185,3,0)) -> Berlingo | E40: =IF(ISNA(VLOOKUP(Tableau13[[#This Row],[Code]],'Code Véhicule'!$A$4:$D$185,4,0))," ",VLOOKUP(Tableau13[[#This Row],[Code]],'Code Véhicule'!$A$4:$D$185,4,0)) -> 10551-A-73 | G40: Moteur | I40: P | J40: vidange d'huile moteur et changement dufiltre a huile | K40: 43797 | N40: 43797 | Q40: =MONTH([1]!Tableau13[[#This Row],[Date début]]) -> #REF! | R40: =YEAR([1]!Tableau13[[#This Row],[Date début]]) -> #REF!
A41: 43799 | B41: 436 | C41: =IF(ISNA(VLOOKUP(Tableau13[[#This Row],[Code]],'Code Véhicule'!$A$4:$C$185,2,0)),"",VLOOKUP(Tableau13[[#This Row],[Code]],'Code Véhicule'!$A$4:$C$185,2,0)) -> Camion | D41: =IF(ISNA(VLOOKUP(Tableau13[[#This Row],[Code]],'Code Véhicule'!$A$4:$C$185,3,0)),"",VLOOKUP(Tableau13[[#This Row],[Code]],'Code Véhicule'!$A$4:$C$185,3,0)) -> Mitsubishi | E41: =IF(ISNA(VLOOKUP(Tableau13[[#This Row],[Code]],'Code Véhicule'!$A$4:$D$185,4,0))," ",VLOOKUP(Tableau13[[#This Row],[Code]],'Code Véhicule'!$A$4:$D$185,4,0)) -> 11470-A-73 | G41: Système electrique | I41: C | J41: réparation d'eclairage et changemet des lampes | K41: 43799 | N41: 43799 | Q41: =MONTH([1]!Tableau13[[#This Row],[Date début]]) -> #REF! | R41: =YEAR([1]!Tableau13[[#This Row],[Date début]]) -> #REF!
A42: 43799 | B42: 405 | C42: =IF(ISNA(VLOOKUP(Tableau13[[#This Row],[Code]],'Code Véhicule'!$A$4:$C$185,2,0)),"",VLOOKUP(Tableau13[[#This Row],[Code]],'Code Véhicule'!$A$4:$C$185,2,0)) -> Camion | D42: =IF(ISNA(VLOOKUP(Tableau13[[#This Row],[Code]],'Code Véhicule'!$A$4:$C$185,3,0)),"",VLOOKUP(Tableau13[[#This Row],[Code]],'Code Véhicule'!$A$4:$C$185,3,0)) -> ISUZU | E42: =IF(ISNA(VLOOKUP(Tableau13[[#This Row],[Code]],'Code Véhicule'!$A$4:$D$185,4,0))," ",VLOOKUP(Tableau13[[#This Row],[Code]],'Code Véhicule'!$A$4:$D$185,4,0)) -> 22128-W-6 | G42: Moteur | I42: C | J42: réparation du probleme de démarrage | K42: 43799 | N42: 43799 | Q42: =MONTH([1]!Tableau13[[#This Row],[Date début]]) -> #REF! | R42: =YEAR([1]!Tableau13[[#This Row],[Date début]]) -> #REF!
A43: 43799 | B43: 403 | C43: =IF(ISNA(VLOOKUP(Tableau13[[#This Row],[Code]],'Code Véhicule'!$A$4:$C$185,2,0)),"",VLOOKUP(Tableau13[[#This Row],[Code]],'Code Véhicule'!$A$4:$C$185,2,0)) -> Camion | D43: =IF(ISNA(VLOOKUP(Tableau13[[#This Row],[Code]],'Code Véhicule'!$A$4:$C$185,3,0)),"",VLOOKUP(Tableau13[[#This Row],[Code]],'Code Véhicule'!$A$4:$C$185,3,0)) -> MAN | E43: =IF(ISNA(VLOOKUP(Tableau13[[#This Row],[Code]],'Code Véhicule'!$A$4:$D$185,4,0))," ",VLOOKUP(Tableau13[[#This Row],[Code]],'Code Véhicule'!$A$4:$D$185,4,0)) -> 4790-B-8 | G43: Freinage | I43: C | J43: réparation du probleme de freinage du roue arriere gauche et réglage du roue arriere droit et réparation du levier de vitesse | K43: 43801 | N43: 43799 | Q43: =MONTH([1]!Tableau13[[#This Row],[Date début]]) -> #REF! | R43: =YEAR([1]!Tableau13[[#This Row],[Date début]]) -> #REF!
A44: 43799 | B44: 436 | C44: =IF(ISNA(VLOOKUP(Tableau13[[#This Row],[Code]],'Code Véhicule'!$A$4:$C$185,2,0)),"",VLOOKUP(Tableau13[[#This Row],[Code]],'Code Véhicule'!$A$4:$C$185,2,0)) -> Camion | D44: =IF(ISNA(VLOOKUP(Tableau13[[#This Row],[Code]],'Code Véhicule'!$A$4:$C$185,3,0)),"",VLOOKUP(Tableau13[[#This Row],[Code]],'Code Véhicule'!$A$4:$C$185,3,0)) -> Mitsubishi | E44: =IF(ISNA(VLOOKUP(Tableau13[[#This Row],[Code]],'Code Véhicule'!$A$4:$D$185,4,0))," ",VLOOKUP(Tableau13[[#This Row],[Code]],'Code Véhicule'!$A$4:$D$185,4,0)) -> 11470-A-73 | G44: Transmission | I44: C | J44: changement du support de cardon vidange d'huile moteur et boite de vitesse et pont arriere changeent du filtre a ahuile et filtre a gasoil cangement du filtre a air 458477 km | K44: 43805 | N44: 43799 | Q44: =MONTH([1]!Tableau13[[#This Row],[Date début]]) -> #REF! | R44: =YEAR([1]!Tableau13[[#This Row],[Date début]]) -> #REF!
A45: 43799 | B45: 431 | C45: =IF(ISNA(VLOOKUP(Tableau13[[#This Row],[Code]],'Code Véhicule'!$A$4:$C$185,2,0)),"",VLOOKUP(Tableau13[[#This Row],[Code]],'Code Véhicule'!$A$4:$C$185,2,0)) -> Chariot elevateur | D45: =IF(ISNA(VLOOKUP(Tableau13[[#This Row],[Code]],'Code Véhicule'!$A$4:$C$185,3,0)),"",VLOOKUP(Tableau13[[#This Row],[Code]],'Code Véhicule'!$A$4:$C$185,3,0)) -> Manitou M26-2 | E45: =IF(ISNA(VLOOKUP(Tableau13[[#This Row],[Code]],'Code Véhicule'!$A$4:$D$185,4,0))," ",VLOOKUP(Tableau13[[#This Row],[Code]],'Code Véhicule'!$A$4:$D$185,4,0)) -> - | F45: 22184 | G45: Mécanique | I45: C | J45: changement du boite vitesse endomage a cause d'usure du pompe a huile de graissage changement du convertisseur hydraulique achat du leferaille changement des galet de levage des fourches vidange d'huile moteur 15W40 et changement du filtre a huile | N45: 43799 | Q45: =MONTH([1]!Tableau13[[#This Row],[Date début]]) -> #REF! | R45: =YEAR([1]!Tableau13[[#This Row],[Date début]]) -> #REF!
A46: 43801 | B46: 439 | C46: =IF(ISNA(VLOOKUP(Tableau13[[#This Row],[Code]],'Code Véhicule'!$A$4:$C$185,2,0)),"",VLOOKUP(Tableau13[[#This Row],[Code]],'Code Véhicule'!$A$4:$C$185,2,0)) -> Semi remorque | D46: =IF(ISNA(VLOOKUP(Tableau13[[#This Row],[Code]],'Code Véhicule'!$A$4:$C$185,3,0)),"",VLOOKUP(Tableau13[[#This Row],[Code]],'Code Véhicule'!$A$4:$C$185,3,0)) -> VOLVO | E46: =IF(ISNA(VLOOKUP(Tableau13[[#This Row],[Code]],'Code Véhicule'!$A$4:$D$185,4,0))," ",VLOOKUP(Tableau13[[#This Row],[Code]],'Code Véhicule'!$A$4:$D$185,4,0)) -> 17886-A-73 | G46: Système electrique | I46: C | J46: réparation d'eclairage et changemet des lampes | K46: 43801 | N46: 43801 | Q46: =MONTH([1]!Tableau13[[#This Row],[Date début]]) -> #REF! | R46: =YEAR([1]!Tableau13[[#This Row],[Date début]]) -> #REF!
A47: 43802 | B47: 429 | C47: =IF(ISNA(VLOOKUP(Tableau13[[#This Row],[Code]],'Code Véhicule'!$A$4:$C$185,2,0)),"",VLOOKUP(Tableau13[[#This Row],[Code]],'Code Véhicule'!$A$4:$C$185,2,0)) -> Chariot elevateur | D47: =IF(ISNA(VLOOKUP(Tableau13[[#This Row],[Code]],'Code Véhicule'!$A$4:$C$185,3,0)),"",VLOOKUP(Tableau13[[#This Row],[Code]],'Code Véhicule'!$A$4:$C$185,3,0)) -> Fenwick HD30 | E47: =IF(ISNA(VLOOKUP(Tableau13[[#This Row],[Code]],'Code Véhicule'!$A$4:$D$185,4,0))," ",VLOOKUP(Tableau13[[#This Row],[Code]],'Code Véhicule'!$A$4:$D$185,4,0)) -> - | G47: Entretien | I47: P | J47: vidange d'huile moteur 15W40 lavage et graissag generale d'engin | N47: 43802 | Q47: =MONTH([1]!Tableau13[[#This Row],[Date début]]) -> #REF! | R47: =YEAR([1]!Tableau13[[#This Row],[Date début]]) -> #REF!
A48: 43803 | B48: 482 | C48: =IF(ISNA(VLOOKUP(Tableau13[[#This Row],[Code]],'Code Véhicule'!$A$4:$C$185,2,0)),"",VLOOKUP(Tableau13[[#This Row],[Code]],'Code Véhicule'!$A$4:$C$185,2,0)) -> Pick up | D48: =IF(ISNA(VLOOKUP(Tableau13[[#This Row],[Code]],'Code Véhicule'!$A$4:$C$185,3,0)),"",VLOOKUP(Tableau13[[#This Row],[Code]],'Code Véhicule'!$A$4:$C$185,3,0)) -> HYUNDAI H100 | E48: =IF(ISNA(VLOOKUP(Tableau13[[#This Row],[Code]],'Code Véhicule'!$A$4:$D$185,4,0))," ",VLOOKUP(Tableau13[[#This Row],[Code]],'Code Véhicule'!$A$4:$D$185,4,0)) -> 22368-A-73 | G48: Contrôle | I48: C | J48: montage du système de GPS | K48: 43803 | N48: 43803 | Q48: =MONTH([1]!Tableau13[[#This Row],[Date début]]) -> #REF! | R48: =YEAR([1]!Tableau13[[#This Row],[Date début]]) -> #REF!
A49: 43804 | B49: 431 | C49: =IF(ISNA(VLOOKUP(Tableau13[[#This Row],[Code]],'Code Véhicule'!$A$4:$C$185,2,0)),"",VLOOKUP(Tableau13[[#This Row],[Code]],'Code Véhicule'!$A$4:$C$185,2,0)) -> Chariot elevateur | D49: =IF(ISNA(VLOOKUP(Tableau13[[#This Row],[Code]],'Code Véhicule'!$A$4:$C$185,3,0)),"",VLOOKUP(Tableau13[[#This Row],[Code]],'Code Véhicule'!$A$4:$C$185,3,0)) -> Manitou M26-2 | E49: =IF(ISNA(VLOOKUP(Tableau13[[#This Row],[Code]],'Code Véhicule'!$A$4:$D$185,4,0))," ",VLOOKUP(Tableau13[[#This Row],[Code]],'Code Véhicule'!$A$4:$D$185,4,0)) -> - | G49: Système electrique | I49: C | J49: changement des lampes | M49: =IF(ISBLANK(Tableau13[[#This Row],[N BS]]),"",(Tableau13[[#This Row],[N BS]]-Tableau13[[#This Row],[Date début]])) | N49: 43804 | Q49: =MONTH([1]!Tableau13[[#This Row],[Date début]]) -> #REF! | R49: =YEAR([1]!Tableau13[[#This Row],[Date début]]) -> #REF!
A50: 43804 | B50: 432 | C50: =IF(ISNA(VLOOKUP(Tableau13[[#This Row],[Code]],'Code Véhicule'!$A$4:$C$185,2,0)),"",VLOOKUP(Tableau13[[#This Row],[Code]],'Code Véhicule'!$A$4:$C$185,2,0)) -> Voiture de fonction | D50: =IF(ISNA(VLOOKUP(Tableau13[[#This Row],[Code]],'Code Véhicule'!$A$4:$C$185,3,0)),"",VLOOKUP(Tableau13[[#This Row],[Code]],'Code Véhicule'!$A$4:$C$185,3,0)) -> Berlingo | E50: =IF(ISNA(VLOOKUP(Tableau13[[#This Row],[Code]],'Code Véhicule'!$A$4:$D$185,4,0))," ",VLOOKUP(Tableau13[[#This Row],[Code]],'Code Véhicule'!$A$4:$D$185,4,0)) -> 9660 -A-73 | G50: Pneu | I50: C | J50: changement du deux pneu ref 205/75R15 | K50: 43804 | N50: 43804 | Q50: =MONTH([1]!Tableau13[[#This Row],[Date début]]) -> #REF! | R50: =YEAR([1]!Tableau13[[#This Row],[Date début]]) -> #REF!
A51: 43804 | B51: 409 | C51: =IF(ISNA(VLOOKUP(Tableau13[[#This Row],[Code]],'Code Véhicule'!$A$4:$C$185,2,0)),"",VLOOKUP(Tableau13[[#This Row],[Code]],'Code Véhicule'!$A$4:$C$185,2,0)) -> Camion | D51: =IF(ISNA(VLOOKUP(Tableau13[[#This Row],[Code]],'Code Véhicule'!$A$4:$C$185,3,0)),"",VLOOKUP(Tableau13[[#This Row],[Code]],'Code Véhicule'!$A$4:$C$185,3,0)) -> Mitsubishi | E51: =IF(ISNA(VLOOKUP(Tableau13[[#This Row],[Code]],'Code Véhicule'!$A$4:$D$185,4,0))," ",VLOOKUP(Tableau13[[#This Row],[Code]],'Code Véhicule'!$A$4:$D$185,4,0)) -> 4969-A-73 | G51: Carosserie | H51: peinture | I51: C | J51: peinture generale d'engin changement des pieces de carosserie réparation d'eclairage | K51: 141027 141016 141020 141019 141019 141018 141025 141029 141035 141040 141041 141043 141278 141273 141270 141269 | L51: 8550 16 jours | M51: 14280 26 jours | N51: 43836 | Q51: =MONTH([1]!Tableau13[[#This Row],[Date début]]) -> #REF! | R51: =YEAR([1]!Tableau13[[#This Row],[Date début]]) -> #REF!
A52: 43805 | B52: 406 | C52: =IF(ISNA(VLOOKUP(Tableau13[[#This Row],[Code]],'Code Véhicule'!$A$4:$C$185,2,0)),"",VLOOKUP(Tableau13[[#This Row],[Code]],'Code Véhicule'!$A$4:$C$185,2,0)) -> Semi remorque | D52: =IF(ISNA(VLOOKUP(Tableau13[[#This Row],[Code]],'Code Véhicule'!$A$4:$C$185,3,0)),"",VLOOKUP(Tableau13[[#This Row],[Code]],'Code Véhicule'!$A$4:$C$185,3,0)) -> VOLVO | E52: =IF(ISNA(VLOOKUP(Tableau13[[#This Row],[Code]],'Code Véhicule'!$A$4:$D$185,4,0))," ",VLOOKUP(Tableau13[[#This Row],[Code]],'Code Véhicule'!$A$4:$D$185,4,0)) -> 70352-A-6 | G52: Système electrique | I52: C | J52: réparation d'eclairage et changemet des lampes | K52: 43805 | N52: 43805 | Q52: =MONTH([1]!Tableau13[[#This Row],[Date début]]) -> #REF! | R52: =YEAR([1]!Tableau13[[#This Row],[Date début]]) -> #REF!
A53: 43806 | B53: 427 | C53: =IF(ISNA(VLOOKUP(Tableau13[[#This Row],[Code]],'Code Véhicule'!$A$4:$C$185,2,0)),"",VLOOKUP(Tableau13[[#This Row],[Code]],'Code Véhicule'!$A$4:$C$185,2,0)) -> Chariot elevateur | D53: =IF(ISNA(VLOOKUP(Tableau13[[#This Row],[Code]],'Code Véhicule'!$A$4:$C$185,3,0)),"",VLOOKUP(Tableau13[[#This Row],[Code]],'Code Véhicule'!$A$4:$C$185,3,0)) -> Linde H30 | E53: =IF(ISNA(VLOOKUP(Tableau13[[#This Row],[Code]],'Code Véhicule'!$A$4:$D$185,4,0))," ",VLOOKUP(Tableau13[[#This Row],[Code]],'Code Véhicule'!$A$4:$D$185,4,0)) -> - | G53: Entretien | I53: P | J53: mise a niveau d'huile hydraulique | M53: =IF(ISBLANK(Tableau13[[#This Row],[N BS]]),"",(Tableau13[[#This Row],[N BS]]-Tableau13[[#This Row],[Date début]])) | N53: 43806 | Q53: =MONTH([1]!Tableau13[[#This Row],[Date début]]) -> #REF! | R53: =YEAR([1]!Tableau13[[#This Row],[Date début]]) -> #REF!
A54: 43806 | B54: 413 | C54: =IF(ISNA(VLOOKUP(Tableau13[[#This Row],[Code]],'Code Véhicule'!$A$4:$C$185,2,0)),"",VLOOKUP(Tableau13[[#This Row],[Code]],'Code Véhicule'!$A$4:$C$185,2,0)) -> Chargeur | D54: =IF(ISNA(VLOOKUP(Tableau13[[#This Row],[Code]],'Code Véhicule'!$A$4:$C$185,3,0)),"",VLOOKUP(Tableau13[[#This Row],[Code]],'Code Véhicule'!$A$4:$C$185,3,0)) -> Caterpillar | E54: =IF(ISNA(VLOOKUP(Tableau13[[#This Row],[Code]],'Code Véhicule'!$A$4:$D$185,4,0))," ",VLOOKUP(Tableau13[[#This Row],[Code]],'Code Véhicule'!$A$4:$D$185,4,0)) -> - | G54: Système electrique | I54: C | J54: changement du deux battrie de démarrage L5 12V | M54: =IF(ISBLANK(Tableau13[[#This Row],[N BS]]),"",(Tableau13[[#This Row],[N BS]]-Tableau13[[#This Row],[Date début]])) | N54: 43806 | Q54: =MONTH([1]!Tableau13[[#This Row],[Date début]]) -> #REF! | R54: =YEAR([1]!Tableau13[[#This Row],[Date début]]) -> #REF!
A55: 43806 | B55: 403 | C55: =IF(ISNA(VLOOKUP(Tableau13[[#This Row],[Code]],'Code Véhicule'!$A$4:$C$185,2,0)),"",VLOOKUP(Tableau13[[#This Row],[Code]],'Code Véhicule'!$A$4:$C$185,2,0)) -> Camion | D55: =IF(ISNA(VLOOKUP(Tableau13[[#This Row],[Code]],'Code Véhicule'!$A$4:$C$185,3,0)),"",VLOOKUP(Tableau13[[#This Row],[Code]],'Code Véhicule'!$A$4:$C$185,3,0)) -> MAN | E55: =IF(ISNA(VLOOKUP(Tableau13[[#This Row],[Code]],'Code Véhicule'!$A$4:$D$185,4,0))," ",VLOOKUP(Tableau13[[#This Row],[Code]],'Code Véhicule'!$A$4:$D$185,4,0)) -> 4790-B-8 | G55: Système electrique | I55: C | J55: fuite d'air réparation d'eclairage et changement des lampes | K55: 43806 | N55: 43806 | Q55: =MONTH([1]!Tableau13[[#This Row],[Date début]]) -> #REF! | R55: =YEAR([1]!Tableau13[[#This Row],[Date début]]) -> #REF!
A56: 43808 | B56: 430 | C56: =IF(ISNA(VLOOKUP(Tableau13[[#This Row],[Code]],'Code Véhicule'!$A$4:$C$185,2,0)),"",VLOOKUP(Tableau13[[#This Row],[Code]],'Code Véhicule'!$A$4:$C$185,2,0)) -> Chariot elevateur | D56: =IF(ISNA(VLOOKUP(Tableau13[[#This Row],[Code]],'Code Véhicule'!$A$4:$C$185,3,0)),"",VLOOKUP(Tableau13[[#This Row],[Code]],'Code Véhicule'!$A$4:$C$185,3,0)) -> Fenwick H40 | E56: =IF(ISNA(VLOOKUP(Tableau13[[#This Row],[Code]],'Code Véhicule'!$A$4:$D$185,4,0))," ",VLOOKUP(Tableau13[[#This Row],[Code]],'Code Véhicule'!$A$4:$D$185,4,0)) -> - | G56: Système electrique | I56: C | J56: changement du battrie ref L5 12V | M56: =IF(ISBLANK(Tableau13[[#This Row],[N BS]]),"",(Tableau13[[#This Row],[N BS]]-Tableau13[[#This Row],[Date début]])) | N56: 43808 | Q56: =MONTH([1]!Tableau13[[#This Row],[Date début]]) -> #REF! | R56: =YEAR([1]!Tableau13[[#This Row],[Date début]]) -> #REF!
A57: 43808 | B57: 407 | C57: =IF(ISNA(VLOOKUP(Tableau13[[#This Row],[Code]],'Code Véhicule'!$A$4:$C$185,2,0)),"",VLOOKUP(Tableau13[[#This Row],[Code]],'Code Véhicule'!$A$4:$C$185,2,0)) -> Semi remorque | D57: =IF(ISNA(VLOOKUP(Tableau13[[#This Row],[Code]],'Code Véhicule'!$A$4:$C$185,3,0)),"",VLOOKUP(Tableau13[[#This Row],[Code]],'Code Véhicule'!$A$4:$C$185,3,0)) -> MAN | E57: =IF(ISNA(VLOOKUP(Tableau13[[#This Row],[Code]],'Code Véhicule'!$A$4:$D$185,4,0))," ",VLOOKUP(Tableau13[[#This Row],[Code]],'Code Véhicule'!$A$4:$D$185,4,0)) -> 706-A-73 | G57: Air comprimé | I57: C | J57: réparation du fuite d'air | K57: 43808 | N57: 43808 | Q57: =MONTH([1]!Tableau13[[#This Row],[Date début]]) -> #REF! | R57: =YEAR([1]!Tableau13[[#This Row],[Date début]]) -> #REF!
A58: 43808 | B58: 405 | C58: =IF(ISNA(VLOOKUP(Tableau13[[#This Row],[Code]],'Code Véhicule'!$A$4:$C$185,2,0)),"",VLOOKUP(Tableau13[[#This Row],[Code]],'Code Véhicule'!$A$4:$C$185,2,0)) -> Camion | D58: =IF(ISNA(VLOOKUP(Tableau13[[#This Row],[Code]],'Code Véhicule'!$A$4:$C$185,3,0)),"",VLOOKUP(Tableau13[[#This Row],[Code]],'Code Véhicule'!$A$4:$C$185,3,0)) -> ISUZU | E58: =IF(ISNA(VLOOKUP(Tableau13[[#This Row],[Code]],'Code Véhicule'!$A$4:$D$185,4,0))," ",VLOOKUP(Tableau13[[#This Row],[Code]],'Code Véhicule'!$A$4:$D$185,4,0)) -> 22128-W-6 | G58: Transmission | I58: C | J58: réparation du fixation du monchon de cardon de transmission | K58: 43809 | N58: 43808 | Q58: =MONTH([1]!Tableau13[[#This Row],[Date début]]) -> #REF! | R58: =YEAR([1]!Tableau13[[#This Row],[Date début]]) -> #REF!
A59: 43809 | B59: 439 | C59: =IF(ISNA(VLOOKUP(Tableau13[[#This Row],[Code]],'Code Véhicule'!$A$4:$C$185,2,0)),"",VLOOKUP(Tableau13[[#This Row],[Code]],'Code Véhicule'!$A$4:$C$185,2,0)) -> Semi remorque | D59: =IF(ISNA(VLOOKUP(Tableau13[[#This Row],[Code]],'Code Véhicule'!$A$4:$C$185,3,0)),"",VLOOKUP(Tableau13[[#This Row],[Code]],'Code Véhicule'!$A$4:$C$185,3,0)) -> VOLVO | E59: =IF(ISNA(VLOOKUP(Tableau13[[#This Row],[Code]],'Code Véhicule'!$A$4:$D$185,4,0))," ",VLOOKUP(Tableau13[[#This Row],[Code]],'Code Véhicule'!$A$4:$D$185,4,0)) -> 17886-A-73 | G59: pneu | I59: C | J59: réparation du crevaison pneu ref 315/80R22,5 | K59: 43809 | N59: 43809 | Q59: =MONTH([1]!Tableau13[[#This Row],[Date début]]) -> #REF! | R59: =YEAR([1]!Tableau13[[#This Row],[Date début]]) -> #REF!
A60: 43809 | B60: 408 | C60: =IF(ISNA(VLOOKUP(Tableau13[[#This Row],[Code]],'Code Véhicule'!$A$4:$C$185,2,0)),"",VLOOKUP(Tableau13[[#This Row],[Code]],'Code Véhicule'!$A$4:$C$185,2,0)) -> Camion | D60: =IF(ISNA(VLOOKUP(Tableau13[[#This Row],[Code]],'Code Véhicule'!$A$4:$C$185,3,0)),"",VLOOKUP(Tableau13[[#This Row],[Code]],'Code Véhicule'!$A$4:$C$185,3,0)) -> Mitsubishi | E60: =IF(ISNA(VLOOKUP(Tableau13[[#This Row],[Code]],'Code Véhicule'!$A$4:$D$185,4,0))," ",VLOOKUP(Tableau13[[#This Row],[Code]],'Code Véhicule'!$A$4:$D$185,4,0)) -> 4703-A-73 | G60: Système electrique | I60: C | J60: réparation d'eclairage et changemet des lampes | K60: 43809 | N60: 43809 | Q60: =MONTH([1]!Tableau13[[#This Row],[Date début]]) -> #REF! | R60: =YEAR([1]!Tableau13[[#This Row],[Date début]]) -> #REF!
A61: 43809 | B61: 403 | C61: =IF(ISNA(VLOOKUP(Tableau13[[#This Row],[Code]],'Code Véhicule'!$A$4:$C$185,2,0)),"",VLOOKUP(Tableau13[[#This Row],[Code]],'Code Véhicule'!$A$4:$C$185,2,0)) -> Camion | D61: =IF(ISNA(VLOOKUP(Tableau13[[#This Row],[Code]],'Code Véhicule'!$A$4:$C$185,3,0)),"",VLOOKUP(Tableau13[[#This Row],[Code]],'Code Véhicule'!$A$4:$C$185,3,0)) -> MAN | E61: =IF(ISNA(VLOOKUP(Tableau13[[#This Row],[Code]],'Code Véhicule'!$A$4:$D$185,4,0))," ",VLOOKUP(Tableau13[[#This Row],[Code]],'Code Véhicule'!$A$4:$D$185,4,0)) -> 4790-B-8 | G61: Freinage | I61: C | J61: réparation du freinage et changement des plaquettes de frein et jeu de garniture de frein deux disque de frein avant avec moyeude roue avant droit garniture de frein arriere des arrét de graisse démarreur complet vidange d'huile de boite de vitessse et pont arriere et moteur changement des filtre a huile et filtre a gasoile et filtre a air 788300km | N61: 43809 | Q61: =MONTH([1]!Tableau13[[#This Row],[Date début]]) -> #REF! | R61: =YEAR([1]!Tableau13[[#This Row],[Date début]]) -> #REF!
A62: 43810 | B62: 408 | C62: =IF(ISNA(VLOOKUP(Tableau13[[#This Row],[Code]],'Code Véhicule'!$A$4:$C$185,2,0)),"",VLOOKUP(Tableau13[[#This Row],[Code]],'Code Véhicule'!$A$4:$C$185,2,0)) -> Camion | D62: =IF(ISNA(VLOOKUP(Tableau13[[#This Row],[Code]],'Code Véhicule'!$A$4:$C$185,3,0)),"",VLOOKUP(Tableau13[[#This Row],[Code]],'Code Véhicule'!$A$4:$C$185,3,0)) -> Mitsubishi | E62: =IF(ISNA(VLOOKUP(Tableau13[[#This Row],[Code]],'Code Véhicule'!$A$4:$D$185,4,0))," ",VLOOKUP(Tableau13[[#This Row],[Code]],'Code Véhicule'!$A$4:$D$185,4,0)) -> 4703-A-73 | G62: Entretien | I62: P | J62: vidange d'huile moteur15W40 et changement du filtre a huile + gasoil vidange d'huile de boite de vitesse et pont arriere km | N62: 43810 | Q62: =MONTH([1]!Tableau13[[#This Row],[Date début]]) -> #REF! | R62: =YEAR([1]!Tableau13[[#This Row],[Date début]]) -> #REF!
A63: 43810 | B63: 435 | C63: =IF(ISNA(VLOOKUP(Tableau13[[#This Row],[Code]],'Code Véhicule'!$A$4:$C$185,2,0)),"",VLOOKUP(Tableau13[[#This Row],[Code]],'Code Véhicule'!$A$4:$C$185,2,0)) -> Camion | D63: =IF(ISNA(VLOOKUP(Tableau13[[#This Row],[Code]],'Code Véhicule'!$A$4:$C$185,3,0)),"",VLOOKUP(Tableau13[[#This Row],[Code]],'Code Véhicule'!$A$4:$C$185,3,0)) -> Mitsubishi | E63: =IF(ISNA(VLOOKUP(Tableau13[[#This Row],[Code]],'Code Véhicule'!$A$4:$D$185,4,0))," ",VLOOKUP(Tableau13[[#This Row],[Code]],'Code Véhicule'!$A$4:$D$185,4,0)) -> 11469-A-73 | G63: Système electrique | I63: C | J63: réparation d'eclairage | N63: 43810 | Q63: =MONTH([1]!Tableau13[[#This Row],[Date début]]) -> #REF! | R63: =YEAR([1]!Tableau13[[#This Row],[Date début]]) -> #REF!
A64: 43811 | B64: 426 | C64: =IF(ISNA(VLOOKUP(Tableau13[[#This Row],[Code]],'Code Véhicule'!$A$4:$C$185,2,0)),"",VLOOKUP(Tableau13[[#This Row],[Code]],'Code Véhicule'!$A$4:$C$185,2,0)) -> Chariot elevateur | D64: =IF(ISNA(VLOOKUP(Tableau13[[#This Row],[Code]],'Code Véhicule'!$A$4:$C$185,3,0)),"",VLOOKUP(Tableau13[[#This Row],[Code]],'Code Véhicule'!$A$4:$C$185,3,0)) -> Manitou MC 30 | E64: =IF(ISNA(VLOOKUP(Tableau13[[#This Row],[Code]],'Code Véhicule'!$A$4:$D$185,4,0))," ",VLOOKUP(Tableau13[[#This Row],[Code]],'Code Véhicule'!$A$4:$D$185,4,0)) -> - | G64: Moteur | I64: C | J64: réparation du fuite au niveau du pompe a eau vidange d'huile moteur 15W40 | M64: =IF(ISBLANK(Tableau13[[#This Row],[N BS]]),"",(Tableau13[[#This Row],[N BS]]-Tableau13[[#This Row],[Date début]])) | N64: 43811 | Q64: =MONTH([1]!Tableau13[[#This Row],[Date début]]) -> #REF! | R64: =YEAR([1]!Tableau13[[#This Row],[Date début]]) -> #REF!
A65: 43811 | B65: 429 | C65: =IF(ISNA(VLOOKUP(Tableau13[[#This Row],[Code]],'Code Véhicule'!$A$4:$C$185,2,0)),"",VLOOKUP(Tableau13[[#This Row],[Code]],'Code Véhicule'!$A$4:$C$185,2,0)) -> Chariot elevateur | D65: =IF(ISNA(VLOOKUP(Tableau13[[#This Row],[Code]],'Code Véhicule'!$A$4:$C$185,3,0)),"",VLOOKUP(Tableau13[[#This Row],[Code]],'Code Véhicule'!$A$4:$C$185,3,0)) -> Fenwick HD30 | E65: =IF(ISNA(VLOOKUP(Tableau13[[#This Row],[Code]],'Code Véhicule'!$A$4:$D$185,4,0))," ",VLOOKUP(Tableau13[[#This Row],[Code]],'Code Véhicule'!$A$4:$D$185,4,0)) -> - | G65: Entretien | I65: P | J65: mise a niveau d'huile hydraulique | M65: =IF(ISBLANK(Tableau13[[#This Row],[N BS]]),"",(Tableau13[[#This Row],[N BS]]-Tableau13[[#This Row],[Date début]])) | N65: 43811 | Q65: =MONTH([1]!Tableau13[[#This Row],[Date début]]) -> #REF! | R65: =YEAR([1]!Tableau13[[#This Row],[Date début]]) -> #REF!
A66: 43811 | B66: 401 | C66: =IF(ISNA(VLOOKUP(Tableau13[[#This Row],[Code]],'Code Véhicule'!$A$4:$C$185,2,0)),"",VLOOKUP(Tableau13[[#This Row],[Code]],'Code Véhicule'!$A$4:$C$185,2,0)) -> Camion | D66: =IF(ISNA(VLOOKUP(Tableau13[[#This Row],[Code]],'Code Véhicule'!$A$4:$C$185,3,0)),"",VLOOKUP(Tableau13[[#This Row],[Code]],'Code Véhicule'!$A$4:$C$185,3,0)) -> ISUZU | E66: =IF(ISNA(VLOOKUP(Tableau13[[#This Row],[Code]],'Code Véhicule'!$A$4:$D$185,4,0))," ",VLOOKUP(Tableau13[[#This Row],[Code]],'Code Véhicule'!$A$4:$D$185,4,0)) -> 26128-A-8 | G66: Système electrique | I66: C | J66: réparation d'eclairage et changemet des lampes | N66: 43811 | Q66: =MONTH([1]!Tableau13[[#This Row],[Date début]]) -> #REF! | R66: =YEAR([1]!Tableau13[[#This Row],[Date début]]) -> #REF!
A67: 43811 | B67: 430 | C67: =IF(ISNA(VLOOKUP(Tableau13[[#This Row],[Code]],'Code Véhicule'!$A$4:$C$185,2,0)),"",VLOOKUP(Tableau13[[#This Row],[Code]],'Code Véhicule'!$A$4:$C$185,2,0)) -> Chariot elevateur | D67: =IF(ISNA(VLOOKUP(Tableau13[[#This Row],[Code]],'Code Véhicule'!$A$4:$C$185,3,0)),"",VLOOKUP(Tableau13[[#This Row],[Code]],'Code Véhicule'!$A$4:$C$185,3,0)) -> Fenwick H40 | E67: =IF(ISNA(VLOOKUP(Tableau13[[#This Row],[Code]],'Code Véhicule'!$A$4:$D$185,4,0))," ",VLOOKUP(Tableau13[[#This Row],[Code]],'Code Véhicule'!$A$4:$D$185,4,0)) -> - | G67: Entretien | I67: c | J67: Mise a niveau | N67: 43811 | Q67: =MONTH([1]!Tableau13[[#This Row],[Date début]]) -> #REF! | R67: =YEAR([1]!Tableau13[[#This Row],[Date début]]) -> #REF!
A68: 43811 | B68: 428 | C68: =IF(ISNA(VLOOKUP(Tableau13[[#This Row],[Code]],'Code Véhicule'!$A$4:$C$185,2,0)),"",VLOOKUP(Tableau13[[#This Row],[Code]],'Code Véhicule'!$A$4:$C$185,2,0)) -> Chariot elevateur | D68: =IF(ISNA(VLOOKUP(Tableau13[[#This Row],[Code]],'Code Véhicule'!$A$4:$C$185,3,0)),"",VLOOKUP(Tableau13[[#This Row],[Code]],'Code Véhicule'!$A$4:$C$185,3,0)) -> Linde H30 | E68: =IF(ISNA(VLOOKUP(Tableau13[[#This Row],[Code]],'Code Véhicule'!$A$4:$D$185,4,0))," ",VLOOKUP(Tableau13[[#This Row],[Code]],'Code Véhicule'!$A$4:$D$185,4,0)) -> - | F68: 22180 | G68: Entretien | I68: P | J68: vidange d'huile moteur 15w40 ET R2PARATION DU FUITE DE GASOIL | N68: 43811 | Q68: =MONTH([1]!Tableau13[[#This Row],[Date début]]) -> #REF! | R68: =YEAR([1]!Tableau13[[#This Row],[Date début]]) -> #REF!
A69: 43812 | B69: 435 | C69: =IF(ISNA(VLOOKUP(Tableau13[[#This Row],[Code]],'Code Véhicule'!$A$4:$C$185,2,0)),"",VLOOKUP(Tableau13[[#This Row],[Code]],'Code Véhicule'!$A$4:$C$185,2,0)) -> Camion | D69: =IF(ISNA(VLOOKUP(Tableau13[[#This Row],[Code]],'Code Véhicule'!$A$4:$C$185,3,0)),"",VLOOKUP(Tableau13[[#This Row],[Code]],'Code Véhicule'!$A$4:$C$185,3,0)) -> Mitsubishi | E69: =IF(ISNA(VLOOKUP(Tableau13[[#This Row],[Code]],'Code Véhicule'!$A$4:$D$185,4,0))," ",VLOOKUP(Tableau13[[#This Row],[Code]],'Code Véhicule'!$A$4:$D$185,4,0)) -> 11469-A-73 | G69: Système electrique | I69: C | J69: changement des cosses battrie et mise a niveau d'eau de battrie changement du cope conique ( régularisation du facture ) | N69: 43812 | Q69: =MONTH([1]!Tableau13[[#This Row],[Date début]]) -> #REF! | R69: =YEAR([1]!Tableau13[[#This Row],[Date début]]) -> #REF!
A70: 43812 | B70: 410 | C70: =IF(ISNA(VLOOKUP(Tableau13[[#This Row],[Code]],'Code Véhicule'!$A$4:$C$185,2,0)),"",VLOOKUP(Tableau13[[#This Row],[Code]],'Code Véhicule'!$A$4:$C$185,2,0)) -> Semi remorque | D70: =IF(ISNA(VLOOKUP(Tableau13[[#This Row],[Code]],'Code Véhicule'!$A$4:$C$185,3,0)),"",VLOOKUP(Tableau13[[#This Row],[Code]],'Code Véhicule'!$A$4:$C$185,3,0)) -> MAN | E70: =IF(ISNA(VLOOKUP(Tableau13[[#This Row],[Code]],'Code Véhicule'!$A$4:$D$185,4,0))," ",VLOOKUP(Tableau13[[#This Row],[Code]],'Code Véhicule'!$A$4:$D$185,4,0)) -> 28659-D-1 | G70: pneu | I70: C | J70: réparation du crevaaison pneu ref 315/80R22,5 | N70: 43812 | Q70: =MONTH([1]!Tableau13[[#This Row],[Date début]]) -> #REF! | R70: =YEAR([1]!Tableau13[[#This Row],[Date début]]) -> #REF!
A71: 43812 | B71: 428 | C71: =IF(ISNA(VLOOKUP(Tableau13[[#This Row],[Code]],'Code Véhicule'!$A$4:$C$185,2,0)),"",VLOOKUP(Tableau13[[#This Row],[Code]],'Code Véhicule'!$A$4:$C$185,2,0)) -> Chariot elevateur | D71: =IF(ISNA(VLOOKUP(Tableau13[[#This Row],[Code]],'Code Véhicule'!$A$4:$C$185,3,0)),"",VLOOKUP(Tableau13[[#This Row],[Code]],'Code Véhicule'!$A$4:$C$185,3,0)) -> Linde H30 | E71: =IF(ISNA(VLOOKUP(Tableau13[[#This Row],[Code]],'Code Véhicule'!$A$4:$D$185,4,0))," ",VLOOKUP(Tableau13[[#This Row],[Code]],'Code Véhicule'!$A$4:$D$185,4,0)) -> - | F71: 22181 | G71: Système electrique | I71: c | J71: réparation du ponleme de démarrage | N71: 43812 | Q71: =MONTH([1]!Tableau13[[#This Row],[Date début]]) -> #REF! | R71: =YEAR([1]!Tableau13[[#This Row],[Date début]]) -> #REF!
A72: 43814 | B72: 481 | C72: =IF(ISNA(VLOOKUP(Tableau13[[#This Row],[Code]],'Code Véhicule'!$A$4:$C$185,2,0)),"",VLOOKUP(Tableau13[[#This Row],[Code]],'Code Véhicule'!$A$4:$C$185,2,0)) -> Camion | D72: =IF(ISNA(VLOOKUP(Tableau13[[#This Row],[Code]],'Code Véhicule'!$A$4:$C$185,3,0)),"",VLOOKUP(Tableau13[[#This Row],[Code]],'Code Véhicule'!$A$4:$C$185,3,0)) -> VOLVO | E72: =IF(ISNA(VLOOKUP(Tableau13[[#This Row],[Code]],'Code Véhicule'!$A$4:$D$185,4,0))," ",VLOOKUP(Tableau13[[#This Row],[Code]],'Code Véhicule'!$A$4:$D$185,4,0)) -> 22300-A-73 | G72: Entretien | I72: P | J72: vidange systematique | N72: 43814 | Q72: =MONTH([1]!Tableau13[[#This Row],[Date début]]) -> #REF! | R72: =YEAR([1]!Tableau13[[#This Row],[Date début]]) -> #REF!
A73: 43815 | B73: 471 | C73: =IF(ISNA(VLOOKUP(Tableau13[[#This Row],[Code]],'Code Véhicule'!$A$4:$C$185,2,0)),"",VLOOKUP(Tableau13[[#This Row],[Code]],'Code Véhicule'!$A$4:$C$185,2,0)) -> Bus de transport | D73: =IF(ISNA(VLOOKUP(Tableau13[[#This Row],[Code]],'Code Véhicule'!$A$4:$C$185,3,0)),"",VLOOKUP(Tableau13[[#This Row],[Code]],'Code Véhicule'!$A$4:$C$185,3,0)) -> Hyundai County | E73: =IF(ISNA(VLOOKUP(Tableau13[[#This Row],[Code]],'Code Véhicule'!$A$4:$D$185,4,0))," ",VLOOKUP(Tableau13[[#This Row],[Code]],'Code Véhicule'!$A$4:$D$185,4,0)) -> 18516-A-73 | G73: pneu | I73: c | J73: changement du deux pneu ref 205/75R15 | N73: 43815 | Q73: =MONTH([1]!Tableau13[[#This Row],[Date début]]) -> #REF! | R73: =YEAR([1]!Tableau13[[#This Row],[Date début]]) -> #REF!
A74: 43815 | B74: 480 | C74: =IF(ISNA(VLOOKUP(Tableau13[[#This Row],[Code]],'Code Véhicule'!$A$4:$C$185,2,0)),"",VLOOKUP(Tableau13[[#This Row],[Code]],'Code Véhicule'!$A$4:$C$185,2,0)) -> Camion | D74: =IF(ISNA(VLOOKUP(Tableau13[[#This Row],[Code]],'Code Véhicule'!$A$4:$C$185,3,0)),"",VLOOKUP(Tableau13[[#This Row],[Code]],'Code Véhicule'!$A$4:$C$185,3,0)) -> VOLVO | E74: =IF(ISNA(VLOOKUP(Tableau13[[#This Row],[Code]],'Code Véhicule'!$A$4:$D$185,4,0))," ",VLOOKUP(Tableau13[[#This Row],[Code]],'Code Véhicule'!$A$4:$D$185,4,0)) -> 22299-A-73 | G74: Entretien | I74: P | J74: vidange systematique | N74: 43815 | Q74: =MONTH([1]!Tableau13[[#This Row],[Date début]]) -> #REF! | R74: =YEAR([1]!Tableau13[[#This Row],[Date début]]) -> #REF!
A75: 43815 | B75: 434 | C75: =IF(ISNA(VLOOKUP(Tableau13[[#This Row],[Code]],'Code Véhicule'!$A$4:$C$185,2,0)),"",VLOOKUP(Tableau13[[#This Row],[Code]],'Code Véhicule'!$A$4:$C$185,2,0)) -> Chariot elevateur | D75: =IF(ISNA(VLOOKUP(Tableau13[[#This Row],[Code]],'Code Véhicule'!$A$4:$C$185,3,0)),"",VLOOKUP(Tableau13[[#This Row],[Code]],'Code Véhicule'!$A$4:$C$185,3,0)) -> Linde H30D | E75: =IF(ISNA(VLOOKUP(Tableau13[[#This Row],[Code]],'Code Véhicule'!$A$4:$D$185,4,0))," ",VLOOKUP(Tableau13[[#This Row],[Code]],'Code Véhicule'!$A$4:$D$185,4,0)) -> - | F75: 22182 | G75: Système electrique | I75: C | J75: réparation d'eclairage | N75: 43815 | Q75: =MONTH([1]!Tableau13[[#This Row],[Date début]]) -> #REF! | R75: =YEAR([1]!Tableau13[[#This Row],[Date début]]) -> #REF!
A76: 43815 | B76: 428 | C76: =IF(ISNA(VLOOKUP(Tableau13[[#This Row],[Code]],'Code Véhicule'!$A$4:$C$185,2,0)),"",VLOOKUP(Tableau13[[#This Row],[Code]],'Code Véhicule'!$A$4:$C$185,2,0)) -> Chariot elevateur | D76: =IF(ISNA(VLOOKUP(Tableau13[[#This Row],[Code]],'Code Véhicule'!$A$4:$C$185,3,0)),"",VLOOKUP(Tableau13[[#This Row],[Code]],'Code Véhicule'!$A$4:$C$185,3,0)) -> Linde H30 | E76: =IF(ISNA(VLOOKUP(Tableau13[[#This Row],[Code]],'Code Véhicule'!$A$4:$D$185,4,0))," ",VLOOKUP(Tableau13[[#This Row],[Code]],'Code Véhicule'!$A$4:$D$185,4,0)) -> - | F76: 22183 | G76: Système electrique | I76: C | J76: changement du solinoide de démarrage moteur (achat du laferaille ) | N76: 43815 | Q76: =MONTH([1]!Tableau13[[#This Row],[Date début]]) -> #REF! | R76: =YEAR([1]!Tableau13[[#This Row],[Date début]]) -> #REF!
A77: 43817 | B77: 439 | C77: =IF(ISNA(VLOOKUP(Tableau13[[#This Row],[Code]],'Code Véhicule'!$A$4:$C$185,2,0)),"",VLOOKUP(Tableau13[[#This Row],[Code]],'Code Véhicule'!$A$4:$C$185,2,0)) -> Semi remorque | D77: =IF(ISNA(VLOOKUP(Tableau13[[#This Row],[Code]],'Code Véhicule'!$A$4:$C$185,3,0)),"",VLOOKUP(Tableau13[[#This Row],[Code]],'Code Véhicule'!$A$4:$C$185,3,0)) -> VOLVO | E77: =IF(ISNA(VLOOKUP(Tableau13[[#This Row],[Code]],'Code Véhicule'!$A$4:$D$185,4,0))," ",VLOOKUP(Tableau13[[#This Row],[Code]],'Code Véhicule'!$A$4:$D$185,4,0)) -> 17886-A-73 | G77: Système electrique | I77: C | J77: réparation d'eclairage | N77: 43817 | Q77: =MONTH([1]!Tableau13[[#This Row],[Date début]]) -> #REF! | R77: =YEAR([1]!Tableau13[[#This Row],[Date début]]) -> #REF!
A78: 43817 | C78: Voiture de fonction | D78: dacia khalil | E78: 42174A6 | F78: 22488 | G78: Carosserie | I78: C | J78: Peinture generale du carosserie et réparation d'eclairage changemment des lampes et des feu laterale changement du support moteur inferieuure kit d'embrayage complet changement du courroie de distribution moteur avec tondeur et jeu de courroie d'accessoires avec tondeur changement du kit d'embrayag complet des plaquettes de frein avant avece disque de frein avant pipe d'eau crimaillaiare de direction avec souflet achat du laferaille cardon coté droit vidange d'huile moteur et changement des filtres | K78: 142344 142314 142315 142121 143200 143177 133351 143359 143388 143365 142338 142335 142326 143164 142345 | L78: 8550 | M78: 34200 60 jours | N78: 43883 | Q78: =MONTH([1]!Tableau13[[#This Row],[Date début]]) -> #REF! | R78: =YEAR([1]!Tableau13[[#This Row],[Date début]]) -> #REF!
A79: 43818 | B79: 7 | C79: =IF(ISNA(VLOOKUP(Tableau13[[#This Row],[Code]],'Code Véhicule'!$A$4:$C$185,2,0)),"",VLOOKUP(Tableau13[[#This Row],[Code]],'Code Véhicule'!$A$4:$C$185,2,0)) -> Voiture de fonction | D79: =IF(ISNA(VLOOKUP(Tableau13[[#This Row],[Code]],'Code Véhicule'!$A$4:$C$185,3,0)),"",VLOOKUP(Tableau13[[#This Row],[Code]],'Code Véhicule'!$A$4:$C$185,3,0)) -> Berlingo | E79: =IF(ISNA(VLOOKUP(Tableau13[[#This Row],[Code]],'Code Véhicule'!$A$4:$D$185,4,0))," ",VLOOKUP(Tableau13[[#This Row],[Code]],'Code Véhicule'!$A$4:$D$185,4,0)) -> 50313-A-6 | G79: Entretien | I79: P | J79: vidange systematique | N79: 43818 | Q79: =MONTH([1]!Tableau13[[#This Row],[Date début]]) -> #REF! | R79: =YEAR([1]!Tableau13[[#This Row],[Date début]]) -> #REF!
A80: 43822 | B80: 401 | C80: =IF(ISNA(VLOOKUP(Tableau13[[#This Row],[Code]],'Code Véhicule'!$A$4:$C$185,2,0)),"",VLOOKUP(Tableau13[[#This Row],[Code]],'Code Véhicule'!$A$4:$C$185,2,0)) -> Camion | D80: =IF(ISNA(VLOOKUP(Tableau13[[#This Row],[Code]],'Code Véhicule'!$A$4:$C$185,3,0)),"",VLOOKUP(Tableau13[[#This Row],[Code]],'Code Véhicule'!$A$4:$C$185,3,0)) -> ISUZU | E80: =IF(ISNA(VLOOKUP(Tableau13[[#This Row],[Code]],'Code Véhicule'!$A$4:$D$185,4,0))," ",VLOOKUP(Tableau13[[#This Row],[Code]],'Code Véhicule'!$A$4:$D$185,4,0)) -> 26128-A-8 | G80: Chassis | I80: C | J80: chngement des vis de fixation plateau sur chassis | N80: 43822 | Q80: =MONTH([1]!Tableau13[[#This Row],[Date début]]) -> #REF! | R80: =YEAR([1]!Tableau13[[#This Row],[Date début]]) -> #REF!
A81: 43822 | B81: 409 | C81: =IF(ISNA(VLOOKUP(Tableau13[[#This Row],[Code]],'Code Véhicule'!$A$4:$C$185,2,0)),"",VLOOKUP(Tableau13[[#This Row],[Code]],'Code Véhicule'!$A$4:$C$185,2,0)) -> Camion | D81: =IF(ISNA(VLOOKUP(Tableau13[[#This Row],[Code]],'Code Véhicule'!$A$4:$C$185,3,0)),"",VLOOKUP(Tableau13[[#This Row],[Code]],'Code Véhicule'!$A$4:$C$185,3,0)) -> Mitsubishi | E81: =IF(ISNA(VLOOKUP(Tableau13[[#This Row],[Code]],'Code Véhicule'!$A$4:$D$185,4,0))," ",VLOOKUP(Tableau13[[#This Row],[Code]],'Code Véhicule'!$A$4:$D$185,4,0)) -> 4969-A-73 | G81: Entretien | J81: entretien et vidange | M81: =IF(ISBLANK(Tableau13[[#This Row],[N BS]]),"",(Tableau13[[#This Row],[N BS]]-Tableau13[[#This Row],[Date début]])) | N81: 43822 | Q81: =MONTH([1]!Tableau13[[#This Row],[Date début]]) -> #REF! | R81: =YEAR([1]!Tableau13[[#This Row],[Date début]]) -> #REF!
A82: 43822 | B82: 429 | C82: =IF(ISNA(VLOOKUP(Tableau13[[#This Row],[Code]],'Code Véhicule'!$A$4:$C$185,2,0)),"",VLOOKUP(Tableau13[[#This Row],[Code]],'Code Véhicule'!$A$4:$C$185,2,0)) -> Chariot elevateur | D82: =IF(ISNA(VLOOKUP(Tableau13[[#This Row],[Code]],'Code Véhicule'!$A$4:$C$185,3,0)),"",VLOOKUP(Tableau13[[#This Row],[Code]],'Code Véhicule'!$A$4:$C$185,3,0)) -> Fenwick HD30 | E82: =IF(ISNA(VLOOKUP(Tableau13[[#This Row],[Code]],'Code Véhicule'!$A$4:$D$185,4,0))," ",VLOOKUP(Tableau13[[#This Row],[Code]],'Code Véhicule'!$A$4:$D$185,4,0)) -> - | F82: 22187 | G82: Entretien | I82: c | J82: Mise a niveau | N82: 43822 | Q82: =MONTH([1]!Tableau13[[#This Row],[Date début]]) -> #REF! | R82: =YEAR([1]!Tableau13[[#This Row],[Date début]]) -> #REF!
A83: 43823 | B83: 477 | C83: =IF(ISNA(VLOOKUP(Tableau13[[#This Row],[Code]],'Code Véhicule'!$A$4:$C$185,2,0)),"",VLOOKUP(Tableau13[[#This Row],[Code]],'Code Véhicule'!$A$4:$C$185,2,0)) -> Chariot elevateur | D83: =IF(ISNA(VLOOKUP(Tableau13[[#This Row],[Code]],'Code Véhicule'!$A$4:$C$185,3,0)),"",VLOOKUP(Tableau13[[#This Row],[Code]],'Code Véhicule'!$A$4:$C$185,3,0)) -> Linde H30D | E83: =IF(ISNA(VLOOKUP(Tableau13[[#This Row],[Code]],'Code Véhicule'!$A$4:$D$185,4,0))," ",VLOOKUP(Tableau13[[#This Row],[Code]],'Code Véhicule'!$A$4:$D$185,4,0)) -> - | F83: 22185 | G83: Entretien | I83: C | J83: entretien et vidange | N83: 43823 | Q83: =MONTH([1]!Tableau13[[#This Row],[Date début]]) -> #REF! | R83: =YEAR([1]!Tableau13[[#This Row],[Date début]]) -> #REF!
A84: 43824 | B84: 480 | C84: =IF(ISNA(VLOOKUP(Tableau13[[#This Row],[Code]],'Code Véhicule'!$A$4:$C$185,2,0)),"",VLOOKUP(Tableau13[[#This Row],[Code]],'Code Véhicule'!$A$4:$C$185,2,0)) -> Camion | D84: =IF(ISNA(VLOOKUP(Tableau13[[#This Row],[Code]],'Code Véhicule'!$A$4:$C$185,3,0)),"",VLOOKUP(Tableau13[[#This Row],[Code]],'Code Véhicule'!$A$4:$C$185,3,0)) -> VOLVO | E84: =IF(ISNA(VLOOKUP(Tableau13[[#This Row],[Code]],'Code Véhicule'!$A$4:$D$185,4,0))," ",VLOOKUP(Tableau13[[#This Row],[Code]],'Code Véhicule'!$A$4:$D$185,4,0)) -> 22299-A-73 | G84: Système electrique | I84: C | J84: changement des lampes | N84: 43824 | Q84: =MONTH([1]!Tableau13[[#This Row],[Date début]]) -> #REF! | R84: =YEAR([1]!Tableau13[[#This Row],[Date début]]) -> #REF!
A85: 43824 | B85: 472 | C85: =IF(ISNA(VLOOKUP(Tableau13[[#This Row],[Code]],'Code Véhicule'!$A$4:$C$185,2,0)),"",VLOOKUP(Tableau13[[#This Row],[Code]],'Code Véhicule'!$A$4:$C$185,2,0)) -> Chariot elevateur | D85: =IF(ISNA(VLOOKUP(Tableau13[[#This Row],[Code]],'Code Véhicule'!$A$4:$C$185,3,0)),"",VLOOKUP(Tableau13[[#This Row],[Code]],'Code Véhicule'!$A$4:$C$185,3,0)) -> Linde H25d | E85: =IF(ISNA(VLOOKUP(Tableau13[[#This Row],[Code]],'Code Véhicule'!$A$4:$D$185,4,0))," ",VLOOKUP(Tableau13[[#This Row],[Code]],'Code Véhicule'!$A$4:$D$185,4,0)) -> - | F85: 22186 | G85: Entretien | I85: C | J85: entretien et vidange | N85: 43824 | Q85: =MONTH([1]!Tableau13[[#This Row],[Date début]]) -> #REF! | R85: =YEAR([1]!Tableau13[[#This Row],[Date début]]) -> #REF!
A86: 43826 | B86: 413 | C86: =IF(ISNA(VLOOKUP(Tableau13[[#This Row],[Code]],'Code Véhicule'!$A$4:$C$185,2,0)),"",VLOOKUP(Tableau13[[#This Row],[Code]],'Code Véhicule'!$A$4:$C$185,2,0)) -> Chargeur | D86: =IF(ISNA(VLOOKUP(Tableau13[[#This Row],[Code]],'Code Véhicule'!$A$4:$C$185,3,0)),"",VLOOKUP(Tableau13[[#This Row],[Code]],'Code Véhicule'!$A$4:$C$185,3,0)) -> Caterpillar | E86: =IF(ISNA(VLOOKUP(Tableau13[[#This Row],[Code]],'Code Véhicule'!$A$4:$D$185,4,0))," ",VLOOKUP(Tableau13[[#This Row],[Code]],'Code Véhicule'!$A$4:$D$185,4,0)) -> - | F86: 22188 | G86: Entretien | I86: c | J86: mise a niveau d'huile moteur 15W40 | N86: 43826 | Q86: =MONTH([1]!Tableau13[[#This Row],[Date début]]) -> #REF! | R86: =YEAR([1]!Tableau13[[#This Row],[Date début]]) -> #REF!
A87: 43829 | B87: 428 | C87: =IF(ISNA(VLOOKUP(Tableau13[[#This Row],[Code]],'Code Véhicule'!$A$4:$C$185,2,0)),"",VLOOKUP(Tableau13[[#This Row],[Code]],'Code Véhicule'!$A$4:$C$185,2,0)) -> Chariot elevateur | D87: =IF(ISNA(VLOOKUP(Tableau13[[#This Row],[Code]],'Code Véhicule'!$A$4:$C$185,3,0)),"",VLOOKUP(Tableau13[[#This Row],[Code]],'Code Véhicule'!$A$4:$C$185,3,0)) -> Linde H30 | E87: =IF(ISNA(VLOOKUP(Tableau13[[#This Row],[Code]],'Code Véhicule'!$A$4:$D$185,4,0))," ",VLOOKUP(Tableau13[[#This Row],[Code]],'Code Véhicule'!$A$4:$D$185,4,0)) -> - | F87: 22189 | G87: Entretien | I87: c | J87: Mise a niveau | N87: 43829 | Q87: =MONTH([1]!Tableau13[[#This Row],[Date début]]) -> #REF! | R87: =YEAR([1]!Tableau13[[#This Row],[Date début]]) -> #REF!
A88: 43831 | B88: 407 | C88: =IF(ISNA(VLOOKUP(Tableau13[[#This Row],[Code]],'Code Véhicule'!$A$4:$C$185,2,0)),"",VLOOKUP(Tableau13[[#This Row],[Code]],'Code Véhicule'!$A$4:$C$185,2,0)) -> Semi remorque | D88: =IF(ISNA(VLOOKUP(Tableau13[[#This Row],[Code]],'Code Véhicule'!$A$4:$C$185,3,0)),"",VLOOKUP(Tableau13[[#This Row],[Code]],'Code Véhicule'!$A$4:$C$185,3,0)) -> MAN | E88: =IF(ISNA(VLOOKUP(Tableau13[[#This Row],[Code]],'Code Véhicule'!$A$4:$D$185,4,0))," ",VLOOKUP(Tableau13[[#This Row],[Code]],'Code Véhicule'!$A$4:$D$185,4,0)) -> 706-A-73 | G88: Moteur | I88: C | J88: changement du pompe a eau tarage des injecteur changement des joint d'etanchiete vidange d'huile moteur | K88: 141268 141277 | L88: 2850 | M88: 5180 | N88: 43839 | Q88: =MONTH([1]!Tableau13[[#This Row],[Date début]]) -> #REF! | R88: =YEAR([1]!Tableau13[[#This Row],[Date début]]) -> #REF!
A89: 43832 | B89: 426 | C89: =IF(ISNA(VLOOKUP(Tableau13[[#This Row],[Code]],'Code Véhicule'!$A$4:$C$185,2,0)),"",VLOOKUP(Tableau13[[#This Row],[Code]],'Code Véhicule'!$A$4:$C$185,2,0)) -> Chariot elevateur | D89: =IF(ISNA(VLOOKUP(Tableau13[[#This Row],[Code]],'Code Véhicule'!$A$4:$C$185,3,0)),"",VLOOKUP(Tableau13[[#This Row],[Code]],'Code Véhicule'!$A$4:$C$185,3,0)) -> Manitou MC 30 | E89: =IF(ISNA(VLOOKUP(Tableau13[[#This Row],[Code]],'Code Véhicule'!$A$4:$D$185,4,0))," ",VLOOKUP(Tableau13[[#This Row],[Code]],'Code Véhicule'!$A$4:$D$185,4,0)) -> - | F89: 22190 | G89: Entretien | I89: P | J89: vidange d'huile moteur 15W40 lavage et graissage generale d'engin | N89: 43832 | Q89: =MONTH([1]!Tableau13[[#This Row],[Date début]]) -> #REF! | R89: =YEAR([1]!Tableau13[[#This Row],[Date début]]) -> #REF!
A90: 43832 | B90: 430 | C90: =IF(ISNA(VLOOKUP(Tableau13[[#This Row],[Code]],'Code Véhicule'!$A$4:$C$185,2,0)),"",VLOOKUP(Tableau13[[#This Row],[Code]],'Code Véhicule'!$A$4:$C$185,2,0)) -> Chariot elevateur | D90: =IF(ISNA(VLOOKUP(Tableau13[[#This Row],[Code]],'Code Véhicule'!$A$4:$C$185,3,0)),"",VLOOKUP(Tableau13[[#This Row],[Code]],'Code Véhicule'!$A$4:$C$185,3,0)) -> Fenwick H40 | E90: =IF(ISNA(VLOOKUP(Tableau13[[#This Row],[Code]],'Code Véhicule'!$A$4:$D$185,4,0))," ",VLOOKUP(Tableau13[[#This Row],[Code]],'Code Véhicule'!$A$4:$D$185,4,0)) -> - | F90: 22191 | G90: Entretien | I90: P | J90: vidange d'huile moteur 15W40 changement du filltre a huile 2654403 et filtre a gasoil 2651117 lavage et graissage generale d'engin | N90: 43832 | Q90: =MONTH([1]!Tableau13[[#This Row],[Date début]]) -> #REF! | R90: =YEAR([1]!Tableau13[[#This Row],[Date début]]) -> #REF!
A91: 43834 | B91: 438 | C91: =IF(ISNA(VLOOKUP(Tableau13[[#This Row],[Code]],'Code Véhicule'!$A$4:$C$185,2,0)),"",VLOOKUP(Tableau13[[#This Row],[Code]],'Code Véhicule'!$A$4:$C$185,2,0)) -> Semi remorque | D91: =IF(ISNA(VLOOKUP(Tableau13[[#This Row],[Code]],'Code Véhicule'!$A$4:$C$185,3,0)),"",VLOOKUP(Tableau13[[#This Row],[Code]],'Code Véhicule'!$A$4:$C$185,3,0)) -> VOLVO | E91: =IF(ISNA(VLOOKUP(Tableau13[[#This Row],[Code]],'Code Véhicule'!$A$4:$D$185,4,0))," ",VLOOKUP(Tableau13[[#This Row],[Code]],'Code Véhicule'!$A$4:$D$185,4,0)) -> 17885-A-73 | G91: Entretien | I91: P | J91: vidange systematique | N91: 43834 | Q91: =MONTH([1]!Tableau13[[#This Row],[Date début]]) -> #REF! | R91: =YEAR([1]!Tableau13[[#This Row],[Date début]]) -> #REF!
A92: 43836 | B92: 410 | C92: =IF(ISNA(VLOOKUP(Tableau13[[#This Row],[Code]],'Code Véhicule'!$A$4:$C$185,2,0)),"",VLOOKUP(Tableau13[[#This Row],[Code]],'Code Véhicule'!$A$4:$C$185,2,0)) -> Semi remorque | D92: =IF(ISNA(VLOOKUP(Tableau13[[#This Row],[Code]],'Code Véhicule'!$A$4:$C$185,3,0)),"",VLOOKUP(Tableau13[[#This Row],[Code]],'Code Véhicule'!$A$4:$C$185,3,0)) -> MAN | E92: =IF(ISNA(VLOOKUP(Tableau13[[#This Row],[Code]],'Code Véhicule'!$A$4:$D$185,4,0))," ",VLOOKUP(Tableau13[[#This Row],[Code]],'Code Véhicule'!$A$4:$D$185,4,0)) -> 28659-D-1 | G92: Entretien | I92: P | J92: mise a niveau d'huile moteur 15W40 | N92: 43836 | Q92: =MONTH([1]!Tableau13[[#This Row],[Date début]]) -> #REF! | R92: =YEAR([1]!Tableau13[[#This Row],[Date début]]) -> #REF!
A93: 43836 | B93: 436 | C93: =IF(ISNA(VLOOKUP(Tableau13[[#This Row],[Code]],'Code Véhicule'!$A$4:$C$185,2,0)),"",VLOOKUP(Tableau13[[#This Row],[Code]],'Code Véhicule'!$A$4:$C$185,2,0)) -> Camion | D93: =IF(ISNA(VLOOKUP(Tableau13[[#This Row],[Code]],'Code Véhicule'!$A$4:$C$185,3,0)),"",VLOOKUP(Tableau13[[#This Row],[Code]],'Code Véhicule'!$A$4:$C$185,3,0)) -> Mitsubishi | E93: =IF(ISNA(VLOOKUP(Tableau13[[#This Row],[Code]],'Code Véhicule'!$A$4:$D$185,4,0))," ",VLOOKUP(Tableau13[[#This Row],[Code]],'Code Véhicule'!$A$4:$D$185,4,0)) -> 11470-A-73 | G93: Système electrique | I93: C | J93: réparation d'eclairage | N93: 43836 | Q93: =MONTH([1]!Tableau13[[#This Row],[Date début]]) -> #REF! | R93: =YEAR([1]!Tableau13[[#This Row],[Date début]]) -> #REF!
A94: 43837 | B94: 428 | C94: =IF(ISNA(VLOOKUP(Tableau13[[#This Row],[Code]],'Code Véhicule'!$A$4:$C$185,2,0)),"",VLOOKUP(Tableau13[[#This Row],[Code]],'Code Véhicule'!$A$4:$C$185,2,0)) -> Chariot elevateur | D94: =IF(ISNA(VLOOKUP(Tableau13[[#This Row],[Code]],'Code Véhicule'!$A$4:$C$185,3,0)),"",VLOOKUP(Tableau13[[#This Row],[Code]],'Code Véhicule'!$A$4:$C$185,3,0)) -> Linde H30 | E94: =IF(ISNA(VLOOKUP(Tableau13[[#This Row],[Code]],'Code Véhicule'!$A$4:$D$185,4,0))," ",VLOOKUP(Tableau13[[#This Row],[Code]],'Code Véhicule'!$A$4:$D$185,4,0)) -> - | F94: 22192 | G94: Entretien | I94: P | J94: vidange d'huile moteur 15W40 lavage et graissage generale d'engin | K94: 141274 | L94: 120 | M94: 120 | N94: 43837 | Q94: =MONTH([1]!Tableau13[[#This Row],[Date début]]) -> #REF! | R94: =YEAR([1]!Tableau13[[#This Row],[Date début]]) -> #REF!
A95: 43838 | B95: 410 | C95: =IF(ISNA(VLOOKUP(Tableau13[[#This Row],[Code]],'Code Véhicule'!$A$4:$C$185,2,0)),"",VLOOKUP(Tableau13[[#This Row],[Code]],'Code Véhicule'!$A$4:$C$185,2,0)) -> Semi remorque | D95: =IF(ISNA(VLOOKUP(Tableau13[[#This Row],[Code]],'Code Véhicule'!$A$4:$C$185,3,0)),"",VLOOKUP(Tableau13[[#This Row],[Code]],'Code Véhicule'!$A$4:$C$185,3,0)) -> MAN | E95: =IF(ISNA(VLOOKUP(Tableau13[[#This Row],[Code]],'Code Véhicule'!$A$4:$D$185,4,0))," ",VLOOKUP(Tableau13[[#This Row],[Code]],'Code Véhicule'!$A$4:$D$185,4,0)) -> 28659-D-1 | G95: Système electrique | I95: C | J95: réparation d'alternateur de charge battrie mise a niveau d'eau de battrie | N95: 43838 | Q95: =MONTH([1]!Tableau13[[#This Row],[Date début]]) -> #REF! | R95: =YEAR([1]!Tableau13[[#This Row],[Date début]]) -> #REF!
A96: 43838 | B96: 479 | C96: =IF(ISNA(VLOOKUP(Tableau13[[#This Row],[Code]],'Code Véhicule'!$A$4:$C$185,2,0)),"",VLOOKUP(Tableau13[[#This Row],[Code]],'Code Véhicule'!$A$4:$C$185,2,0)) -> Bus de transport | D96: =IF(ISNA(VLOOKUP(Tableau13[[#This Row],[Code]],'Code Véhicule'!$A$4:$C$185,3,0)),"",VLOOKUP(Tableau13[[#This Row],[Code]],'Code Véhicule'!$A$4:$C$185,3,0)) -> Hyundai County | E96: =IF(ISNA(VLOOKUP(Tableau13[[#This Row],[Code]],'Code Véhicule'!$A$4:$D$185,4,0))," ",VLOOKUP(Tableau13[[#This Row],[Code]],'Code Véhicule'!$A$4:$D$185,4,0)) -> 22772-A-73 | G96: Entretien | I96: P | J96: vidange systematique | N96: 43838 | Q96: =MONTH([1]!Tableau13[[#This Row],[Date début]]) -> #REF! | R96: =YEAR([1]!Tableau13[[#This Row],[Date début]]) -> #REF!
A97: 43838 | B97: 471 | C97: =IF(ISNA(VLOOKUP(Tableau13[[#This Row],[Code]],'Code Véhicule'!$A$4:$C$185,2,0)),"",VLOOKUP(Tableau13[[#This Row],[Code]],'Code Véhicule'!$A$4:$C$185,2,0)) -> Bus de transport | D97: =IF(ISNA(VLOOKUP(Tableau13[[#This Row],[Code]],'Code Véhicule'!$A$4:$C$185,3,0)),"",VLOOKUP(Tableau13[[#This Row],[Code]],'Code Véhicule'!$A$4:$C$185,3,0)) -> Hyundai County | E97: =IF(ISNA(VLOOKUP(Tableau13[[#This Row],[Code]],'Code Véhicule'!$A$4:$D$185,4,0))," ",VLOOKUP(Tableau13[[#This Row],[Code]],'Code Véhicule'!$A$4:$D$185,4,0)) -> 18516-A-73 | F97: 22462 | G97: Freinage | I97: C | J97: changement du deux jeu egarniture de frein avant et arriere | N97: 43838 | Q97: =MONTH([1]!Tableau13[[#This Row],[Date début]]) -> #REF! | R97: =YEAR([1]!Tableau13[[#This Row],[Date début]]) -> #REF!
A98: 43838 | B98: 422 | C98: =IF(ISNA(VLOOKUP(Tableau13[[#This Row],[Code]],'Code Véhicule'!$A$4:$C$185,2,0)),"",VLOOKUP(Tableau13[[#This Row],[Code]],'Code Véhicule'!$A$4:$C$185,2,0)) -> Chariot elevateur | D98: =IF(ISNA(VLOOKUP(Tableau13[[#This Row],[Code]],'Code Véhicule'!$A$4:$C$185,3,0)),"",VLOOKUP(Tableau13[[#This Row],[Code]],'Code Véhicule'!$A$4:$C$185,3,0)) -> Fenwick LINDE 25 | E98: =IF(ISNA(VLOOKUP(Tableau13[[#This Row],[Code]],'Code Véhicule'!$A$4:$D$185,4,0))," ",VLOOKUP(Tableau13[[#This Row],[Code]],'Code Véhicule'!$A$4:$D$185,4,0)) -> - | F98: 22194 | G98: Entretien | I98: P | J98: Vidange d'huile moteur 15W40 réparation des fuite d'huile hydraulique lavage generale d'engin | K98: 141276 141327 141319 | L98: 180 | M98: 180 | N98: 43838 | Q98: =MONTH([1]!Tableau13[[#This Row],[Date début]]) -> #REF! | R98: =YEAR([1]!Tableau13[[#This Row],[Date début]]) -> #REF!
A99: 43839 | B99: 426 | C99: =IF(ISNA(VLOOKUP(Tableau13[[#This Row],[Code]],'Code Véhicule'!$A$4:$C$185,2,0)),"",VLOOKUP(Tableau13[[#This Row],[Code]],'Code Véhicule'!$A$4:$C$185,2,0)) -> Chariot elevateur | D99: =IF(ISNA(VLOOKUP(Tableau13[[#This Row],[Code]],'Code Véhicule'!$A$4:$C$185,3,0)),"",VLOOKUP(Tableau13[[#This Row],[Code]],'Code Véhicule'!$A$4:$C$185,3,0)) -> Manitou MC 30 | E99: =IF(ISNA(VLOOKUP(Tableau13[[#This Row],[Code]],'Code Véhicule'!$A$4:$D$185,4,0))," ",VLOOKUP(Tableau13[[#This Row],[Code]],'Code Véhicule'!$A$4:$D$185,4,0)) -> - | F99: 22193 | G99: Forche de levage | I99: C | J99: réparation du fuite d'huile et changement du flexible hydraulique de levage des fourches | K99: 141274 | L99: 120 | M99: 120 | N99: 43839 | Q99: =MONTH([1]!Tableau13[[#This Row],[Date début]]) -> #REF! | R99: =YEAR([1]!Tableau13[[#This Row],[Date début]]) -> #REF!
A100: 43840 | B100: 435 | C100: =IF(ISNA(VLOOKUP(Tableau13[[#This Row],[Code]],'Code Véhicule'!$A$4:$C$185,2,0)),"",VLOOKUP(Tableau13[[#This Row],[Code]],'Code Véhicule'!$A$4:$C$185,2,0)) -> Camion | D100: =IF(ISNA(VLOOKUP(Tableau13[[#This Row],[Code]],'Code Véhicule'!$A$4:$C$185,3,0)),"",VLOOKUP(Tableau13[[#This Row],[Code]],'Code Véhicule'!$A$4:$C$185,3,0)) -> Mitsubishi | E100: =IF(ISNA(VLOOKUP(Tableau13[[#This Row],[Code]],'Code Véhicule'!$A$4:$D$185,4,0))," ",VLOOKUP(Tableau13[[#This Row],[Code]],'Code Véhicule'!$A$4:$D$185,4,0)) -> 11469-A-73 | G100: Système electrique | I100: C | J100: réparation du probleme de démarrage vidange d'huile moteur et changement du filtre a huile | N100: 43840 | Q100: =MONTH([1]!Tableau13[[#This Row],[Date début]]) -> #REF! | R100: =YEAR([1]!Tableau13[[#This Row],[Date début]]) -> #REF!
...

Sheet KPI PARC AUTO
A1: An | B1: (Plusieurs éléments)
A2: Mois | B2: (Plusieurs éléments)
A3: Date fin d'intervention | B3: (Tous)
A4: Type | B4: (Tous)
A6: Étiquettes de lignes | B6: Véhicule | C6: Matricule | D6: Nombre de Détail Intervention | F6: MTBF | G6: MTTR | H6: Disponibilité | I6: Objectif
F7: =IF(ISBLANK(B7),"",((540*26-E7)/D7)) | G7: =IF(ISBLANK(B7),"",(E7/D7)) | H7: =IF(ISBLANK(B7),"",((F7/(F7+G7))*100)) | I7: =IF(ISBLANK(B7),"",90)
F8: =IF(ISBLANK(B8),"",((540*26-E8)/D8)) | G8: =IF(ISBLANK(B8),"",(E8/D8)) | H8: =IF(ISBLANK(B8),"",((F8/(F8+G8))*100)) | I8: =IF(ISBLANK(B8),"",90)
F9: =IF(ISBLANK(B9),"",((540*26-E9)/D9)) | G9: =IF(ISBLANK(B9),"",(E9/D9)) | H9: =IF(ISBLANK(B9),"",((F9/(F9+G9))*100)) | I9: =IF(ISBLANK(B9),"",90)
F10: =IF(ISBLANK(B10),"",((540*26-E10)/D10)) | G10: =IF(ISBLANK(B10),"",(E10/D10)) | H10: =IF(ISBLANK(B10),"",((F10/(F10+G10))*100)) | I10: =IF(ISBLANK(B10),"",90)
F11: =IF(ISBLANK(B11),"",((540*26-E11)/D11)) | G11: =IF(ISBLANK(B11),"",(E11/D11)) | H11: =IF(ISBLANK(B11),"",((F11/(F11+G11))*100)) | I11: =IF(ISBLANK(B11),"",90)
F12: =IF(ISBLANK(B12),"",((540*26-E12)/D12)) | G12: =IF(ISBLANK(B12),"",(E12/D12)) | H12: =IF(ISBLANK(B12),"",((F12/(F12+G12))*100)) | I12: =IF(ISBLANK(B12),"",90)
F13: =IF(ISBLANK(B13),"",((540*26-E13)/D13)) | G13: =IF(ISBLANK(B13),"",(E13/D13)) | H13: =IF(ISBLANK(B13),"",((F13/(F13+G13))*100)) | I13: =IF(ISBLANK(B13),"",90)
F14: =IF(ISBLANK(B14),"",((540*26-E14)/D14)) | G14: =IF(ISBLANK(B14),"",(E14/D14)) | H14: =IF(ISBLANK(B14),"",((F14/(F14+G14))*100)) | I14: =IF(ISBLANK(B14),"",90)
F15: =IF(ISBLANK(B15),"",((540*26-E15)/D15)) | G15: =IF(ISBLANK(B15),"",(E15/D15)) | H15: =IF(ISBLANK(B15),"",((F15/(F15+G15))*100)) | I15: =IF(ISBLANK(B15),"",90)
F16: =IF(ISBLANK(B16),"",((540*26-E16)/D16)) | G16: =IF(ISBLANK(B16),"",(E16/D16)) | H16: =IF(ISBLANK(B16),"",((F16/(F16+G16))*100)) | I16: =IF(ISBLANK(B16),"",90)
F17: =IF(ISBLANK(B17),"",((540*26-E17)/D17)) | G17: =IF(ISBLANK(B17),"",(E17/D17)) | H17: =IF(ISBLANK(B17),"",((F17/(F17+G17))*100)) | I17: =IF(ISBLANK(B17),"",90)
F18: =IF(ISBLANK(B18),"",((540*26-E18)/D18)) | G18: =IF(ISBLANK(B18),"",(E18/D18)) | H18: =IF(ISBLANK(B18),"",((F18/(F18+G18))*100)) | I18: =IF(ISBLANK(B18),"",90)
... F53: =IF(ISBLANK(B53),"",((540*26-E53)/D53)) | G53: =IF(ISBLANK(B53),"",(E53/D53)) | H53: =IF(ISBLANK(B53),"",((F53/(F53+G53))*100)) | I53: =IF(ISBLANK(B53),"",90)
F54: =IF(ISBLANK(B54),"",((540*26-E54)/D54)) | G54: =IF(ISBLANK(B54),"",(E54/D54)) | I54: =IF(ISBLANK(B54),"",90)
F55: =IF(ISBLANK(B55),"",((540*26-E55)/D55)) | G55: =IF(ISBLANK(B55),"",(E55/D55)) | I55: =IF(ISBLANK(B55),"",90)
F56: =IF(ISBLANK(B56),"",((540*26-E56)/D56)) | G56: =IF(ISBLANK(B56),"",(E56/D56)) | I56: =IF(ISBLANK(B56),"",90)
F57: =IF(ISBLANK(B57),"",((540*26-E57)/D57)) | G57: =IF(ISBLANK(B57),"",(E57/D57)) | I57: =IF(ISBLANK(B57),"",90)
F58: =IF(ISBLANK(B58),"",((540*26-E58)/D58)) | G58: =IF(ISBLANK(B58),"",(E58/D58)) | I58: =IF(ISBLANK(B58),"",90)
F59: =IF(ISBLANK(B59),"",((540*26-E59)/D59)) | G59: =IF(ISBLANK(B59),"",(E59/D59)) | I59: =IF(ISBLANK(B59),"",90)
F60: =IF(ISBLANK(B60),"",((540*26-E60)/D60)) | G60: =IF(ISBLANK(B60),"",(E60/D60)) | I60: =IF(ISBLANK(B60),"",90)
F61: =IF(ISBLANK(B61),"",((540*26-E61)/D61)) | G61: =IF(ISBLANK(B61),"",(E61/D61)) | I61: =IF(ISBLANK(B61),"",90)
F62: =IF(ISBLANK(B62),"",((540*26-E62)/D62)) | G62: =IF(ISBLANK(B62),"",(E62/D62)) | I62: =IF(ISBLANK(B62),"",90)
F63: =IF(ISBLANK(B63),"",((540*26-E63)/D63)) | G63: =IF(ISBLANK(B63),"",(E63/D63)) | I63: =IF(ISBLANK(B63),"",90)
F64: =IF(ISBLANK(B64),"",((540*26-E64)/D64)) | G64: =IF(ISBLANK(B64),"",(E64/D64)) | I64: =IF(ISBLANK(B64),"",90)
F65: =IF(ISBLANK(B65),"",((540*26-E65)/D65)) | G65: =IF(ISBLANK(B65),"",(E65/D65)) | I65: =IF(ISBLANK(B65),"",90)
F66: =IF(ISBLANK(B65),"",((540*26-E66)/D66)) | G66: =IF(ISBLANK(B66),"",(E66/D66)) | I66: =IF(ISBLANK(B66),"",90)
F67: =IF(ISBLANK(B66),"",((540*26-E67)/D67)) | G67: =IF(ISBLANK(B67),"",(E67/D67)) | I67: =IF(ISBLANK(B67),"",90)
F68: =IF(ISBLANK(B67),"",((540*26-E68)/D68)) | G68: =IF(ISBLANK(B68),"",(E68/D68))
F69: =IF(ISBLANK(B68),"",((540*26-E69)/D69))
F70: =IF(ISBLANK(B69),"",((540*26-E70)/D70))
F71: =IF(ISBLANK(B70),"",((540*26-E71)/D71))
F72: =IF(ISBLANK(B71),"",((540*26-E72)/D72))
F73: =IF(ISBLANK(B72),"",((540*26-E73)/D73))
C139: Engins roulants
A140: CODE Véhicule | B140: Marque | C140: ∑ temps d'arrêts | D140: Nb d'arrêt | E140: MTBF | F140: MTTR | G140: Disponibilité | H140: Objectif
A141: 434 | B141: Linde H30D | C141: =IF(ISERR(GETPIVOTDATA("Somme de Temps ",$A$6,"Code",Tableau10[[#This Row],[CODE Véhicule]])),"0",GETPIVOTDATA("Somme de Temps ",$A$6,"Code",Tableau10[[#This Row],[CODE Véhicule]])) -> 0 | D141: =IF(ISERR(GETPIVOTDATA("Nombre de Détail Intervention",$A$6,"Code",Tableau10[[#This Row],[CODE Véhicule]])),"0",GETPIVOTDATA("Nombre de Détail Intervention",$A$6,"Code",Tableau10[[#This Row],[CODE Véhicule]])) -> 0 | E141: =IF((540*26-Tableau10[[#This Row],[∑ temps d''arrêts]])/(Tableau10[[#This Row],[Nb d''arrêt]]+1)<0,"0",(540*26-Tableau10[[#This Row],[∑ temps d''arrêts]])/(Tableau10[[#This Row],[Nb d''arrêt]]+1)) -> 14040 | F141: =Tableau10[[#This Row],[∑ temps d''arrêts]]/(Tableau10[[#This Row],[Nb d''arrêt]]+1) -> 0 | G141: =(Tableau10[[#This Row],[MTBF]]/(Tableau10[[#This Row],[MTBF]]+Tableau10[[#This Row],[MTTR]]))*100 -> 100 | H141: 90
A142: 431 | B142: Manitou M26-2 | C142: =IF(ISERR(GETPIVOTDATA("Somme de Temps ",$A$6,"Code",Tableau10[[#This Row],[CODE Véhicule]])),"0",GETPIVOTDATA("Somme de Temps ",$A$6,"Code",Tableau10[[#This Row],[CODE Véhicule]])) -> 0 | D142: =IF(ISERR(GETPIVOTDATA("Nombre de Détail Intervention",$A$6,"Code",Tableau10[[#This Row],[CODE Véhicule]])),"0",GETPIVOTDATA("Nombre de Détail Intervention",$A$6,"Code",Tableau10[[#This Row],[CODE Véhicule]])) -> 0 | E142: =IF((540*26-Tableau10[[#This Row],[∑ temps d''arrêts]])/(Tableau10[[#This Row],[Nb d''arrêt]]+1)<0,"0",(540*26-Tableau10[[#This Row],[∑ temps d''arrêts]])/(Tableau10[[#This Row],[Nb d''arrêt]]+1)) -> 14040 | F142: =Tableau10[[#This Row],[∑ temps d''arrêts]]/(Tableau10[[#This Row],[Nb d''arrêt]]+1) -> 0 | G142: =(Tableau10[[#This Row],[MTBF]]/(Tableau10[[#This Row],[MTBF]]+Tableau10[[#This Row],[MTTR]]))*100 -> 100 | H142: 90
A143: 413 | B143: Caterpillar | C143: =IF(ISERR(GETPIVOTDATA("Somme de Temps ",$A$6,"Code",Tableau10[[#This Row],[CODE Véhicule]])),"0",GETPIVOTDATA("Somme de Temps ",$A$6,"Code",Tableau10[[#This Row],[CODE Véhicule]])) -> 0 | D143: =IF(ISERR(GETPIVOTDATA("Nombre de Détail Intervention",$A$6,"Code",Tableau10[[#This Row],[CODE Véhicule]])),"0",GETPIVOTDATA("Nombre de Détail Intervention",$A$6,"Code",Tableau10[[#This Row],[CODE Véhicule]])) -> 0 | E143: =IF((540*26-Tableau10[[#This Row],[∑ temps d''arrêts]])/(Tableau10[[#This Row],[Nb d''arrêt]]+1)<0,"0",(540*26-Tableau10[[#This Row],[∑ temps d''arrêts]])/(Tableau10[[#This Row],[Nb d''arrêt]]+1)) -> 14040 | F143: =Tableau10[[#This Row],[∑ temps d''arrêts]]/(Tableau10[[#This Row],[Nb d''arrêt]]+1) -> 0 | G143: =(Tableau10[[#This Row],[MTBF]]/(Tableau10[[#This Row],[MTBF]]+Tableau10[[#This Row],[MTTR]]))*100 -> 100 | H143: 90
A144: 429 | B144: Fenwick HD30 | C144: =IF(ISERR(GETPIVOTDATA("Somme de Temps ",$A$6,"Code",Tableau10[[#This Row],[CODE Véhicule]])),"0",GETPIVOTDATA("Somme de Temps ",$A$6,"Code",Tableau10[[#This Row],[CODE Véhicule]])) -> 0 | D144: =IF(ISERR(GETPIVOTDATA("Nombre de Détail Intervention",$A$6,"Code",Tableau10[[#This Row],[CODE Véhicule]])),"0",GETPIVOTDATA("Nombre de Détail Intervention",$A$6,"Code",Tableau10[[#This Row],[CODE Véhicule]])) -> 0 | E144: =IF((540*26-Tableau10[[#This Row],[∑ temps d''arrêts]])/(Tableau10[[#This Row],[Nb d''arrêt]]+1)<0,"0",(540*26-Tableau10[[#This Row],[∑ temps d''arrêts]])/(Tableau10[[#This Row],[Nb d''arrêt]]+1)) -> 14040 | F144: =Tableau10[[#This Row],[∑ temps d''arrêts]]/(Tableau10[[#This Row],[Nb d''arrêt]]+1) -> 0 | G144: =(Tableau10[[#This Row],[MTBF]]/(Tableau10[[#This Row],[MTBF]]+Tableau10[[#This Row],[MTTR]]))*100 -> 100 | H144: 90
A145: 421 | B145: Linde H30 | C145: =IF(ISERR(GETPIVOTDATA("Somme de Temps ",$A$6,"Code",Tableau10[[#This Row],[CODE Véhicule]])),"0",GETPIVOTDATA("Somme de Temps ",$A$6,"Code",Tableau10[[#This Row],[CODE Véhicule]])) -> 0 | D145: =IF(ISERR(GETPIVOTDATA("Nombre de Détail Intervention",$A$6,"Code",Tableau10[[#This Row],[CODE Véhicule]])),"0",GETPIVOTDATA("Nombre de Détail Intervention",$A$6,"Code",Tableau10[[#This Row],[CODE Véhicule]])) -> 0 | E145: =IF((540*26-Tableau10[[#This Row],[∑ temps d''arrêts]])/(Tableau10[[#This Row],[Nb d''arrêt]]+1)<0,"0",(540*26-Tableau10[[#This Row],[∑ temps d''arrêts]])/(Tableau10[[#This Row],[Nb d''arrêt]]+1)) -> 14040 | F145: =Tableau10[[#This Row],[∑ temps d''arrêts]]/(Tableau10[[#This Row],[Nb d''arrêt]]+1) -> 0 | G145: 0 | H145: 90
A146: 422 | B146: Fenwick LINDE 25 | C146: =IF(ISERR(GETPIVOTDATA("Somme de Temps ",$A$6,"Code",Tableau10[[#This Row],[CODE Véhicule]])),"0",GETPIVOTDATA("Somme de Temps ",$A$6,"Code",Tableau10[[#This Row],[CODE Véhicule]])) -> 0 | D146: =IF(ISERR(GETPIVOTDATA("Nombre de Détail Intervention",$A$6,"Code",Tableau10[[#This Row],[CODE Véhicule]])),"0",GETPIVOTDATA("Nombre de Détail Intervention",$A$6,"Code",Tableau10[[#This Row],[CODE Véhicule]])) -> 0 | E146: =IF((540*26-Tableau10[[#This Row],[∑ temps d''arrêts]])/(Tableau10[[#This Row],[Nb d''arrêt]]+1)<0,"0",(540*26-Tableau10[[#This Row],[∑ temps d''arrêts]])/(Tableau10[[#This Row],[Nb d''arrêt]]+1)) -> 14040 | F146: =Tableau10[[#This Row],[∑ temps d''arrêts]]/(Tableau10[[#This Row],[Nb d''arrêt]]+1) -> 0 | G146: =(Tableau10[[#This Row],[MTBF]]/(Tableau10[[#This Row],[MTBF]]+Tableau10[[#This Row],[MTTR]]))*100 -> 100 | H146: 90
A147: 426 | B147: Manitou MC 30 | C147: =IF(ISERR(GETPIVOTDATA("Somme de Temps ",$A$6,"Code",Tableau10[[#This Row],[CODE Véhicule]])),"0",GETPIVOTDATA("Somme de Temps ",$A$6,"Code",Tableau10[[#This Row],[CODE Véhicule]])) -> 0 | D147: =IF(ISERR(GETPIVOTDATA("Nombre de Détail Intervention",$A$6,"Code",Tableau10[[#This Row],[CODE Véhicule]])),"0",GETPIVOTDATA("Nombre de Détail Intervention",$A$6,"Code",Tableau10[[#This Row],[CODE Véhicule]])) -> 0 | E147: =IF((540*26-Tableau10[[#This Row],[∑ temps d''arrêts]])/(Tableau10[[#This Row],[Nb d''arrêt]]+1)<0,"0",(540*26-Tableau10[[#This Row],[∑ temps d''arrêts]])/(Tableau10[[#This Row],[Nb d''arrêt]]+1)) -> 14040 | F147: =Tableau10[[#This Row],[∑ temps d''arrêts]]/(Tableau10[[#This Row],[Nb d''arrêt]]+1) -> 0 | G147: =(Tableau10[[#This Row],[MTBF]]/(Tableau10[[#This Row],[MTBF]]+Tableau10[[#This Row],[MTTR]]))*100 -> 100 | H147: 90
A148: 427 | B148: Linde H30 | C148: =IF(ISERR(GETPIVOTDATA("Somme de Temps ",$A$6,"Code",Tableau10[[#This Row],[CODE Véhicule]])),"0",GETPIVOTDATA("Somme de Temps ",$A$6,"Code",Tableau10[[#This Row],[CODE Véhicule]])) -> 0 | D148: =IF(ISERR(GETPIVOTDATA("Nombre de Détail Intervention",$A$6,"Code",Tableau10[[#This Row],[CODE Véhicule]])),"0",GETPIVOTDATA("Nombre de Détail Intervention",$A$6,"Code",Tableau10[[#This Row],[CODE Véhicule]])) -> 0 | E148: =IF((540*26-Tableau10[[#This Row],[∑ temps d''arrêts]])/(Tableau10[[#This Row],[Nb d''arrêt]]+1)<0,"0",(540*26-Tableau10[[#This Row],[∑ temps d''arrêts]])/(Tableau10[[#This Row],[Nb d''arrêt]]+1)) -> 14040 | F148: =Tableau10[[#This Row],[∑ temps d''arrêts]]/(Tableau10[[#This Row],[Nb d''arrêt]]+1) -> 0 | G148: =(Tableau10[[#This Row],[MTBF]]/(Tableau10[[#This Row],[MTBF]]+Tableau10[[#This Row],[MTTR]]))*100 -> 100 | H148: 90
A149: 428 | B149: Linde H30 | C149: =IF(ISERR(GETPIVOTDATA("Somme de Temps ",$A$6,"Code",Tableau10[[#This Row],[CODE Véhicule]])),"0",GETPIVOTDATA("Somme de Temps ",$A$6,"Code",Tableau10[[#This Row],[CODE Véhicule]])) -> 0 | D149: =IF(ISERR(GETPIVOTDATA("Nombre de Détail Intervention",$A$6,"Code",Tableau10[[#This Row],[CODE Véhicule]])),"0",GETPIVOTDATA("Nombre de Détail Intervention",$A$6,"Code",Tableau10[[#This Row],[CODE Véhicule]])) -> 0 | E149: =IF((540*26-Tableau10[[#This Row],[∑ temps d''arrêts]])/(Tableau10[[#This Row],[Nb d''arrêt]]+1)<0,"0",(540*26-Tableau10[[#This Row],[∑ temps d''arrêts]])/(Tableau10[[#This Row],[Nb d''arrêt]]+1)) -> 14040 | F149: =Tableau10[[#This Row],[∑ temps d''arrêts]]/(Tableau10[[#This Row],[Nb d''arrêt]]+1) -> 0 | G149: =(Tableau10[[#This Row],[MTBF]]/(Tableau10[[#This Row],[MTBF]]+Tableau10[[#This Row],[MTTR]]))*100 -> 100 | H149: 90
A150: 430 | B150: Fenwick H40 | C150: =IF(ISERR(GETPIVOTDATA("Somme de Temps ",$A$6,"Code",Tableau10[[#This Row],[CODE Véhicule]])),"0",GETPIVOTDATA("Somme de Temps ",$A$6,"Code",Tableau10[[#This Row],[CODE Véhicule]])) -> 0 | D150: =IF(ISERR(GETPIVOTDATA("Nombre de Détail Intervention",$A$6,"Code",Tableau10[[#This Row],[CODE Véhicule]])),"0",GETPIVOTDATA("Nombre de Détail Intervention",$A$6,"Code",Tableau10[[#This Row],[CODE Véhicule]])) -> 0 | E150: =IF((540*26-Tableau10[[#This Row],[∑ temps d''arrêts]])/(Tableau10[[#This Row],[Nb d''arrêt]]+1)<0,"0",(540*26-Tableau10[[#This Row],[∑ temps d''arrêts]])/(Tableau10[[#This Row],[Nb d''arrêt]]+1)) -> 14040 | F150: =Tableau10[[#This Row],[∑ temps d''arrêts]]/(Tableau10[[#This Row],[Nb d''arrêt]]+1) -> 0 | G150: =(Tableau10[[#This Row],[MTBF]]/(Tableau10[[#This Row],[MTBF]]+Tableau10[[#This Row],[MTTR]]))*100 -> 100 | H150: 90
A151: 472 | B151: Linde H25d | C151: =IF(ISERR(GETPIVOTDATA("Somme de Temps ",$A$6,"Code",Tableau10[[#This Row],[CODE Véhicule]])),"0",GETPIVOTDATA("Somme de Temps ",$A$6,"Code",Tableau10[[#This Row],[CODE Véhicule]])) -> 0 | D151: =IF(ISERR(GETPIVOTDATA("Nombre de Détail Intervention",$A$6,"Code",Tableau10[[#This Row],[CODE Véhicule]])),"0",GETPIVOTDATA("Nombre de Détail Intervention",$A$6,"Code",Tableau10[[#This Row],[CODE Véhicule]])) -> 0 | E151: =IF((540*26-Tableau10[[#This Row],[∑ temps d''arrêts]])/(Tableau10[[#This Row],[Nb d''arrêt]]+1)<0,"0",(540*26-Tableau10[[#This Row],[∑ temps d''arrêts]])/(Tableau10[[#This Row],[Nb d''arrêt]]+1)) -> 14040 | F151: =Tableau10[[#This Row],[∑ temps d''arrêts]]/(Tableau10[[#This Row],[Nb d''arrêt]]+1) -> 0 | G151: =(Tableau10[[#This Row],[MTBF]]/(Tableau10[[#This Row],[MTBF]]+Tableau10[[#This Row],[MTTR]]))*100 -> 100 | H151: 90
A152: 477 | B152: Linde H30D | C152: =IF(ISERR(GETPIVOTDATA("Somme de Temps ",$A$6,"Code",Tableau10[[#This Row],[CODE Véhicule]])),"0",GETPIVOTDATA("Somme de Temps ",$A$6,"Code",Tableau10[[#This Row],[CODE Véhicule]])) -> 0 | D152: =IF(ISERR(GETPIVOTDATA("Nombre de Détail Intervention",$A$6,"Code",Tableau10[[#This Row],[CODE Véhicule]])),"0",GETPIVOTDATA("Nombre de Détail Intervention",$A$6,"Code",Tableau10[[#This Row],[CODE Véhicule]])) -> 0 | E152: =IF((540*26-Tableau10[[#This Row],[∑ temps d''arrêts]])/(Tableau10[[#This Row],[Nb d''arrêt]]+1)<0,"0",(540*26-Tableau10[[#This Row],[∑ temps d''arrêts]])/(Tableau10[[#This Row],[Nb d''arrêt]]+1)) -> 14040 | F152: =Tableau10[[#This Row],[∑ temps d''arrêts]]/(Tableau10[[#This Row],[Nb d''arrêt]]+1) -> 0 | G152: =(Tableau10[[#This Row],[MTBF]]/(Tableau10[[#This Row],[MTBF]]+Tableau10[[#This Row],[MTTR]]))*100 -> 100 | H152: 90
A153: 420 | B153: linde h 45 | C153: =IF(ISERR(GETPIVOTDATA("Somme de Temps ",$A$6,"Code",Tableau10[[#This Row],[CODE Véhicule]])),"0",GETPIVOTDATA("Somme de Temps ",$A$6,"Code",Tableau10[[#This Row],[CODE Véhicule]])) -> 0 | D153: =IF(ISERR(GETPIVOTDATA("Nombre de Détail Intervention",$A$6,"Code",Tableau10[[#This Row],[CODE Véhicule]])),"0",GETPIVOTDATA("Nombre de Détail Intervention",$A$6,"Code",Tableau10[[#This Row],[CODE Véhicule]])) -> 0 | E153: =IF((540*26-Tableau10[[#This Row],[∑ temps d''arrêts]])/(Tableau10[[#This Row],[Nb d''arrêt]]+1)<0,"0",(540*26-Tableau10[[#This Row],[∑ temps d''arrêts]])/(Tableau10[[#This Row],[Nb d''arrêt]]+1)) -> 14040 | F153: =Tableau10[[#This Row],[∑ temps d''arrêts]]/(Tableau10[[#This Row],[Nb d''arrêt]]+1) -> 0 | G153: =(Tableau10[[#This Row],[MTBF]]/(Tableau10[[#This Row],[MTBF]]+Tableau10[[#This Row],[MTTR]]))*100 -> 100 | H153: 90
C156: Camions
A157: CODE Véhicule | B157: Marque | C157: Matricule | D157: ∑ temps d'arrêts | E157: Nb d'arrêt | F157: MTBF | G157: MTTR | H157: Disponibilité | I157: Objectif
A158: 411 | B158: Renault | C158: 25636-A-13 | D158: =IF(ISERR(GETPIVOTDATA("Somme de Temps ",$A$6,"Code",Tableau11[[#This Row],[CODE Véhicule]])),"0",GETPIVOTDATA("Somme de Temps ",$A$6,"Code",Tableau11[[#This Row],[CODE Véhicule]])) -> 0 | E158: =IF(ISERR(GETPIVOTDATA("Nombre de Détail Intervention",$A$6,"Code",Tableau11[[#This Row],[CODE Véhicule]])),"0",GETPIVOTDATA("Nombre de Détail Intervention",$A$6,"Code",Tableau11[[#This Row],[CODE Véhicule]])) -> 0 | F158: =IF((540*26-Tableau11[[#This Row],[∑ temps d''arrêts]])/(Tableau11[[#This Row],[Nb d''arrêt]]+1)<0,"0",(540*26-Tableau11[[#This Row],[∑ temps d''arrêts]])/(Tableau11[[#This Row],[Nb d''arrêt]]+1)) -> 14040 | G158: =Tableau11[[#This Row],[∑ temps d''arrêts]]/(Tableau11[[#This Row],[Nb d''arrêt]]+1) -> 0 | H158: =(Tableau11[[#This Row],[MTBF]]/(Tableau11[[#This Row],[MTBF]]+Tableau11[[#This Row],[MTTR]]))*100 -> 100 | I158: 90
A159: 436 | B159: Mitsubishi | C159: 11470-A-73 | D159: =IF(ISERR(GETPIVOTDATA("Somme de Temps ",$A$6,"Code",Tableau11[[#This Row],[CODE Véhicule]])),"0",GETPIVOTDATA("Somme de Temps ",$A$6,"Code",Tableau11[[#This Row],[CODE Véhicule]])) -> 0 | E159: =IF(ISERR(GETPIVOTDATA("Nombre de Détail Intervention",$A$6,"Code",Tableau11[[#This Row],[CODE Véhicule]])),"0",GETPIVOTDATA("Nombre de Détail Intervention",$A$6,"Code",Tableau11[[#This Row],[CODE Véhicule]])) -> 0 | F159: =IF((540*26-Tableau11[[#This Row],[∑ temps d''arrêts]])/(Tableau11[[#This Row],[Nb d''arrêt]]+1)<0,"0",(540*26-Tableau11[[#This Row],[∑ temps d''arrêts]])/(Tableau11[[#This Row],[Nb d''arrêt]]+1)) -> 14040 | G159: =Tableau11[[#This Row],[∑ temps d''arrêts]]/(Tableau11[[#This Row],[Nb d''arrêt]]+1) -> 0 | H159: =(Tableau11[[#This Row],[MTBF]]/(Tableau11[[#This Row],[MTBF]]+Tableau11[[#This Row],[MTTR]]))*100 -> 100 | I159: 90
A160: 401 | B160: ISUZU | C160: 26128-A-8 | D160: =IF(ISERR(GETPIVOTDATA("Somme de Temps ",$A$6,"Code",Tableau11[[#This Row],[CODE Véhicule]])),"0",GETPIVOTDATA("Somme de Temps ",$A$6,"Code",Tableau11[[#This Row],[CODE Véhicule]])) -> 0 | E160: =IF(ISERR(GETPIVOTDATA("Nombre de Détail Intervention",$A$6,"Code",Tableau11[[#This Row],[CODE Véhicule]])),"0",GETPIVOTDATA("Nombre de Détail Intervention",$A$6,"Code",Tableau11[[#This Row],[CODE Véhicule]])) -> 0 | F160: =IF((540*26-Tableau11[[#This Row],[∑ temps d''arrêts]])/(Tableau11[[#This Row],[Nb d''arrêt]]+1)<0,"0",(540*26-Tableau11[[#This Row],[∑ temps d''arrêts]])/(Tableau11[[#This Row],[Nb d''arrêt]]+1)) -> 14040 | G160: =Tableau11[[#This Row],[∑ temps d''arrêts]]/(Tableau11[[#This Row],[Nb d''arrêt]]+1) -> 0 | H160: =(Tableau11[[#This Row],[MTBF]]/(Tableau11[[#This Row],[MTBF]]+Tableau11[[#This Row],[MTTR]]))*100 -> 100 | I160: 90
A161: 435 | B161: Mitsubishi | C161: 11469-A-73 | D161: =IF(ISERR(GETPIVOTDATA("Somme de Temps ",$A$6,"Code",Tableau11[[#This Row],[CODE Véhicule]])),"0",GETPIVOTDATA("Somme de Temps ",$A$6,"Code",Tableau11[[#This Row],[CODE Véhicule]])) -> 0 | E161: =IF(ISERR(GETPIVOTDATA("Nombre de Détail Intervention",$A$6,"Code",Tableau11[[#This Row],[CODE Véhicule]])),"0",GETPIVOTDATA("Nombre de Détail Intervention",$A$6,"Code",Tableau11[[#This Row],[CODE Véhicule]])) -> 0 | F161: =IF((540*26-Tableau11[[#This Row],[∑ temps d''arrêts]])/(Tableau11[[#This Row],[Nb d''arrêt]]+1)<0,"0",(540*26-Tableau11[[#This Row],[∑ temps d''arrêts]])/(Tableau11[[#This Row],[Nb d''arrêt]]+1)) -> 14040 | G161: =Tableau11[[#This Row],[∑ temps d''arrêts]]/(Tableau11[[#This Row],[Nb d''arrêt]]+1) -> 0 | H161: =(Tableau11[[#This Row],[MTBF]]/(Tableau11[[#This Row],[MTBF]]+Tableau11[[#This Row],[MTTR]]))*100 -> 100 | I161: 90
A162: 480 | B162: VOLVO | C162: 22299-A-73 | D162: =IF(ISERR(GETPIVOTDATA("Somme de Temps ",$A$6,"Code",Tableau11[[#This Row],[CODE Véhicule]])),"0",GETPIVOTDATA("Somme de Temps ",$A$6,"Code",Tableau11[[#This Row],[CODE Véhicule]])) -> 0 | E162: =IF(ISERR(GETPIVOTDATA("Nombre de Détail Intervention",$A$6,"Code",Tableau11[[#This Row],[CODE Véhicule]])),"0",GETPIVOTDATA("Nombre de Détail Intervention",$A$6,"Code",Tableau11[[#This Row],[CODE Véhicule]])) -> 0 | F162: =IF((540*26-Tableau11[[#This Row],[∑ temps d''arrêts]])/(Tableau11[[#This Row],[Nb d''arrêt]]+1)<0,"0",(540*26-Tableau11[[#This Row],[∑ temps d''arrêts]])/(Tableau11[[#This Row],[Nb d''arrêt]]+1)) -> 14040 | G162: =Tableau11[[#This Row],[∑ temps d''arrêts]]/(Tableau11[[#This Row],[Nb d''arrêt]]+1) -> 0 | H162: =(Tableau11[[#This Row],[MTBF]]/(Tableau11[[#This Row],[MTBF]]+Tableau11[[#This Row],[MTTR]]))*100 -> 100 | I162: 90
A163: 403 | B163: MAN | C163: 4790-B-8 | D163: =IF(ISERR(GETPIVOTDATA("Somme de Temps ",$A$6,"Code",Tableau11[[#This Row],[CODE Véhicule]])),"0",GETPIVOTDATA("Somme de Temps ",$A$6,"Code",Tableau11[[#This Row],[CODE Véhicule]])) -> 0 | E163: =IF(ISERR(GETPIVOTDATA("Nombre de Détail Intervention",$A$6,"Code",Tableau11[[#This Row],[CODE Véhicule]])),"0",GETPIVOTDATA("Nombre de Détail Intervention",$A$6,"Code",Tableau11[[#This Row],[CODE Véhicule]])) -> 0 | F163: =IF((540*26-Tableau11[[#This Row],[∑ temps d''arrêts]])/(Tableau11[[#This Row],[Nb d''arrêt]]+1)<0,"0",(540*26-Tableau11[[#This Row],[∑ temps d''arrêts]])/(Tableau11[[#This Row],[Nb d''arrêt]]+1)) -> 14040 | G163: =Tableau11[[#This Row],[∑ temps d''arrêts]]/(Tableau11[[#This Row],[Nb d''arrêt]]+1) -> 0 | H163: =(Tableau11[[#This Row],[MTBF]]/(Tableau11[[#This Row],[MTBF]]+Tableau11[[#This Row],[MTTR]]))*100 -> 100 | I163: 90
A164: 405 | B164: ISUZU | C164: 22128-W-6 | D164: =IF(ISERR(GETPIVOTDATA("Somme de Temps ",$A$6,"Code",Tableau11[[#This Row],[CODE Véhicule]])),"0",GETPIVOTDATA("Somme de Temps ",$A$6,"Code",Tableau11[[#This Row],[CODE Véhicule]])) -> 0 | E164: =IF(ISERR(GETPIVOTDATA("Nombre de Détail Intervention",$A$6,"Code",Tableau11[[#This Row],[CODE Véhicule]])),"0",GETPIVOTDATA("Nombre de Détail Intervention",$A$6,"Code",Tableau11[[#This Row],[CODE Véhicule]])) -> 0 | F164: =IF((540*26-Tableau11[[#This Row],[∑ temps d''arrêts]])/(Tableau11[[#This Row],[Nb d''arrêt]]+1)<0,"0",(540*26-Tableau11[[#This Row],[∑ temps d''arrêts]])/(Tableau11[[#This Row],[Nb d''arrêt]]+1)) -> 14040 | G164: =Tableau11[[#This Row],[∑ temps d''arrêts]]/(Tableau11[[#This Row],[Nb d''arrêt]]+1) -> 0 | H164: =(Tableau11[[#This Row],[MTBF]]/(Tableau11[[#This Row],[MTBF]]+Tableau11[[#This Row],[MTTR]]))*100 -> 100 | I164: 90
A165: 408 | B165: Mitsubishi | C165: 4703-A-73 | D165: =IF(ISERR(GETPIVOTDATA("Somme de Temps ",$A$6,"Code",Tableau11[[#This Row],[CODE Véhicule]])),"0",GETPIVOTDATA("Somme de Temps ",$A$6,"Code",Tableau11[[#This Row],[CODE Véhicule]])) -> 0 | E165: =IF(ISERR(GETPIVOTDATA("Nombre de Détail Intervention",$A$6,"Code",Tableau11[[#This Row],[CODE Véhicule]])),"0",GETPIVOTDATA("Nombre de Détail Intervention",$A$6,"Code",Tableau11[[#This Row],[CODE Véhicule]])) -> 0 | F165: =IF((540*26-Tableau11[[#This Row],[∑ temps d''arrêts]])/(Tableau11[[#This Row],[Nb d''arrêt]]+1)<0,"0",(540*26-Tableau11[[#This Row],[∑ temps d''arrêts]])/(Tableau11[[#This Row],[Nb d''arrêt]]+1)) -> 14040 | G165: =Tableau11[[#This Row],[∑ temps d''arrêts]]/(Tableau11[[#This Row],[Nb d''arrêt]]+1) -> 0 | H165: =(Tableau11[[#This Row],[MTBF]]/(Tableau11[[#This Row],[MTBF]]+Tableau11[[#This Row],[MTTR]]))*100 -> 100 | I165: 90
A166: 409 | B166: Mitsubishi | C166: 4969-A-73 | D166: =IF(ISERR(GETPIVOTDATA("Somme de Temps ",$A$6,"Code",Tableau11[[#This Row],[CODE Véhicule]])),"0",GETPIVOTDATA("Somme de Temps ",$A$6,"Code",Tableau11[[#This Row],[CODE Véhicule]])) -> 0 | E166: =IF(ISERR(GETPIVOTDATA("Nombre de Détail Intervention",$A$6,"Code",Tableau11[[#This Row],[CODE Véhicule]])),"0",GETPIVOTDATA("Nombre de Détail Intervention",$A$6,"Code",Tableau11[[#This Row],[CODE Véhicule]])) -> 0 | F166: =IF((540*26-Tableau11[[#This Row],[∑ temps d''arrêts]])/(Tableau11[[#This Row],[Nb d''arrêt]]+1)<0,"0",(540*26-Tableau11[[#This Row],[∑ temps d''arrêts]])/(Tableau11[[#This Row],[Nb d''arrêt]]+1)) -> 14040 | G166: =Tableau11[[#This Row],[∑ temps d''arrêts]]/(Tableau11[[#This Row],[Nb d''arrêt]]+1) -> 0 | H166: =(Tableau11[[#This Row],[MTBF]]/(Tableau11[[#This Row],[MTBF]]+Tableau11[[#This Row],[MTTR]]))*100 -> 100 | I166: 90
A167: 481 | B167: VOLVO | C167: 22300-A-73 | D167: =IF(ISERR(GETPIVOTDATA("Somme de Temps ",$A$6,"Code",Tableau11[[#This Row],[CODE Véhicule]])),"0",GETPIVOTDATA("Somme de Temps ",$A$6,"Code",Tableau11[[#This Row],[CODE Véhicule]])) -> 0 | E167: =IF(ISERR(GETPIVOTDATA("Nombre de Détail Intervention",$A$6,"Code",Tableau11[[#This Row],[CODE Véhicule]])),"0",GETPIVOTDATA("Nombre de Détail Intervention",$A$6,"Code",Tableau11[[#This Row],[CODE Véhicule]])) -> 0 | F167: =IF((540*26-Tableau11[[#This Row],[∑ temps d''arrêts]])/(Tableau11[[#This Row],[Nb d''arrêt]]+1)<0,"0",(540*26-Tableau11[[#This Row],[∑ temps d''arrêts]])/(Tableau11[[#This Row],[Nb d''arrêt]]+1)) -> 14040 | G167: =Tableau11[[#This Row],[∑ temps d''arrêts]]/(Tableau11[[#This Row],[Nb d''arrêt]]+1) -> 0 | H167: =(Tableau11[[#This Row],[MTBF]]/(Tableau11[[#This Row],[MTBF]]+Tableau11[[#This Row],[MTTR]]))*100 -> 100 | I167: 90
C170: Semi Remorque
A171: CODE Véhicule | B171: Marque | C171: Matricule | D171: ∑ temps d'arrêts | E171: Nb d'arrêt | F171: MTBF | G171: MTTR | H171: Disponibilité | I171: Objectif
A172: 404 | B172: VOLVO | C172: 68125-A-6 | D172: =IF(ISERR(GETPIVOTDATA("Somme de Temps ",$A$6,"Code",Tableau12[[#This Row],[CODE Véhicule]])),"0",GETPIVOTDATA("Somme de Temps ",$A$6,"Code",Tableau12[[#This Row],[CODE Véhicule]])) -> 0 | E172: =IF(ISERR(GETPIVOTDATA("Nombre de Détail Intervention",$A$6,"Code",Tableau12[[#This Row],[CODE Véhicule]])),"0",GETPIVOTDATA("Nombre de Détail Intervention",$A$6,"Code",Tableau12[[#This Row],[CODE Véhicule]])) -> 0 | F172: =IF((540*26-Tableau12[[#This Row],[∑ temps d''arrêts]])/(Tableau12[[#This Row],[Nb d''arrêt]]+1)<0,"0",(540*26-Tableau12[[#This Row],[∑ temps d''arrêts]])/(Tableau12[[#This Row],[Nb d''arrêt]]+1)) -> 14040 | G172: =Tableau12[[#This Row],[∑ temps d''arrêts]]/(Tableau12[[#This Row],[Nb d''arrêt]]+1) -> 0 | H172: =(Tableau12[[#This Row],[MTBF]]/(Tableau12[[#This Row],[MTBF]]+Tableau12[[#This Row],[MTTR]]))*100 -> 100 | I172: 90
A173: 406 | B173: VOLVO | C173: 70352-A-6 | D173: =IF(ISERR(GETPIVOTDATA("Somme de Temps ",$A$6,"Code",Tableau12[[#This Row],[CODE Véhicule]])),"0",GETPIVOTDATA("Somme de Temps ",$A$6,"Code",Tableau12[[#This Row],[CODE Véhicule]])) -> 0 | E173: =IF(ISERR(GETPIVOTDATA("Nombre de Détail Intervention",$A$6,"Code",Tableau12[[#This Row],[CODE Véhicule]])),"0",GETPIVOTDATA("Nombre de Détail Intervention",$A$6,"Code",Tableau12[[#This Row],[CODE Véhicule]])) -> 0 | F173: =IF((540*26-Tableau12[[#This Row],[∑ temps d''arrêts]])/(Tableau12[[#This Row],[Nb d''arrêt]]+1)<0,"0",(540*26-Tableau12[[#This Row],[∑ temps d''arrêts]])/(Tableau12[[#This Row],[Nb d''arrêt]]+1)) -> 14040 | G173: =Tableau12[[#This Row],[∑ temps d''arrêts]]/(Tableau12[[#This Row],[Nb d''arrêt]]+1) -> 0 | H173: =(Tableau12[[#This Row],[MTBF]]/(Tableau12[[#This Row],[MTBF]]+Tableau12[[#This Row],[MTTR]]))*100 -> 100 | I173: 90
A174: 407 | B174: MAN | C174: 706-A-73 | D174: =IF(ISERR(GETPIVOTDATA("Somme de Temps ",$A$6,"Code",Tableau12[[#This Row],[CODE Véhicule]])),"0",GETPIVOTDATA("Somme de Temps ",$A$6,"Code",Tableau12[[#This Row],[CODE Véhicule]])) -> 0 | E174: =IF(ISERR(GETPIVOTDATA("Nombre de Détail Intervention",$A$6,"Code",Tableau12[[#This Row],[CODE Véhicule]])),"0",GETPIVOTDATA("Nombre de Détail Intervention",$A$6,"Code",Tableau12[[#This Row],[CODE Véhicule]])) -> 0 | F174: =IF((540*26-Tableau12[[#This Row],[∑ temps d''arrêts]])/(Tableau12[[#This Row],[Nb d''arrêt]]+1)<0,"0",(540*26-Tableau12[[#This Row],[∑ temps d''arrêts]])/(Tableau12[[#This Row],[Nb d''arrêt]]+1)) -> 14040 | G174: =Tableau12[[#This Row],[∑ temps d''arrêts]]/(Tableau12[[#This Row],[Nb d''arrêt]]+1) -> 0 | H174: =(Tableau12[[#This Row],[MTBF]]/(Tableau12[[#This Row],[MTBF]]+Tableau12[[#This Row],[MTTR]]))*100 -> 100 | I174: 90
A175: 410 | B175: MAN | C175: 28659-D-1 | D175: =IF(ISERR(GETPIVOTDATA("Somme de Temps ",$A$6,"Code",Tableau12[[#This Row],[CODE Véhicule]])),"0",GETPIVOTDATA("Somme de Temps ",$A$6,"Code",Tableau12[[#This Row],[CODE Véhicule]])) -> 0 | E175: =IF(ISERR(GETPIVOTDATA("Nombre de Détail Intervention",$A$6,"Code",Tableau12[[#This Row],[CODE Véhicule]])),"0",GETPIVOTDATA("Nombre de Détail Intervention",$A$6,"Code",Tableau12[[#This Row],[CODE Véhicule]])) -> 0 | F175: =IF((540*26-Tableau12[[#This Row],[∑ temps d''arrêts]])/(Tableau12[[#This Row],[Nb d''arrêt]]+1)<0,"0",(540*26-Tableau12[[#This Row],[∑ temps d''arrêts]])/(Tableau12[[#This Row],[Nb d''arrêt]]+1)) -> 14040 | G175: =Tableau12[[#This Row],[∑ temps d''arrêts]]/(Tableau12[[#This Row],[Nb d''arrêt]]+1) -> 0 | H175: =(Tableau12[[#This Row],[MTBF]]/(Tableau12[[#This Row],[MTBF]]+Tableau12[[#This Row],[MTTR]]))*100 -> 100 | I175: 90
A176: 438 | B176: VOLVO | C176: 17885-A-73 | D176: =IF(ISERR(GETPIVOTDATA("Somme de Temps ",$A$6,"Code",Tableau12[[#This Row],[CODE Véhicule]])),"0",GETPIVOTDATA("Somme de Temps ",$A$6,"Code",Tableau12[[#This Row],[CODE Véhicule]])) -> 0 | E176: =IF(ISERR(GETPIVOTDATA("Nombre de Détail Intervention",$A$6,"Code",Tableau12[[#This Row],[CODE Véhicule]])),"0",GETPIVOTDATA("Nombre de Détail Intervention",$A$6,"Code",Tableau12[[#This Row],[CODE Véhicule]])) -> 0 | F176: =IF((540*26-Tableau12[[#This Row],[∑ temps d''arrêts]])/(Tableau12[[#This Row],[Nb d''arrêt]]+1)<0,"0",(540*26-Tableau12[[#This Row],[∑ temps d''arrêts]])/(Tableau12[[#This Row],[Nb d''arrêt]]+1)) -> 14040 | G176: =Tableau12[[#This Row],[∑ temps d''arrêts]]/(Tableau12[[#This Row],[Nb d''arrêt]]+1) -> 0 | H176: =(Tableau12[[#This Row],[MTBF]]/(Tableau12[[#This Row],[MTBF]]+Tableau12[[#This Row],[MTTR]]))*100 -> 100 | I176: 90
A177: 439 | B177: VOLVO | C177: 17886-A-73 | D177: =IF(ISERR(GETPIVOTDATA("Somme de Temps ",$A$6,"Code",Tableau12[[#This Row],[CODE Véhicule]])),"0",GETPIVOTDATA("Somme de Temps ",$A$6,"Code",Tableau12[[#This Row],[CODE Véhicule]])) -> 0 | E177: =IF(ISERR(GETPIVOTDATA("Nombre de Détail Intervention",$A$6,"Code",Tableau12[[#This Row],[CODE Véhicule]])),"0",GETPIVOTDATA("Nombre de Détail Intervention",$A$6,"Code",Tableau12[[#This Row],[CODE Véhicule]])) -> 0 | F177: =IF((540*26-Tableau12[[#This Row],[∑ temps d''arrêts]])/(Tableau12[[#This Row],[Nb d''arrêt]]+1)<0,"0",(540*26-Tableau12[[#This Row],[∑ temps d''arrêts]])/(Tableau12[[#This Row],[Nb d''arrêt]]+1)) -> 14040 | G177: =Tableau12[[#This Row],[∑ temps d''arrêts]]/(Tableau12[[#This Row],[Nb d''arrêt]]+1) -> 0 | H177: =(Tableau12[[#This Row],[MTBF]]/(Tableau12[[#This Row],[MTBF]]+Tableau12[[#This Row],[MTTR]]))*100 -> 100 | I177: 90

Sheet En cours
A1: An | B1: (Tous)
A2: Date fin d'intervention | B2: (vide)
A4: Étiquettes de lignes | B4: Code | C4: Véhicule | D4: Détail Intervention | E4: Observations / Avancement
A5: 43878 | B5: 406 | C5: VOLVO | D5: changement d | E5: (vide)
A6: 43883 | B6: 427 | C6: Linde H30 | D6: changement du kit réparation d'axe pivot et axe fusée coté gauche et droit changemnt du kit réparation du verin de levage et inclinaison et verin de direction kit de distributeur d'accelerateur des goujon de roue arriere peinture generale d'engin vidange d'huile moteur et changement des filtres a huile moteur et filtre a gasoil | E6: (vide)
A7: 43853 | B7: 426 | C7: Manitou MC 30 | D7: en cour | E7: (vide)
A8: 43934 | B8: 481 | C8: VOLVO | D8: reparation d'eclairage | E8: (vide)
A9: 43970 | B9: 410 | C9: MAN | D9: changement du cope conique complet et deux demi arbre et deux pignon du demi arbre changement d'appareille d'air lavage et graissage generale d'engin vidange d'huile moteur 599710 km | E9: (vide)
B10: 431 | C10: Manitou M26-2 | D10: vidange d'huile moteur 15W40 | E10: (vide)
A11: 43994 | B11: 430 | C11: Fenwick H40 | D11: mise a niveau d'huile hydraulique | E11: (vide)
A12: 44001 | B12: 429 | C12: Fenwick HD30 | D12: changement du kit réparation d'axe fusee | E12: (vide)
A13: 44007 | B13: 403 | C13: MAN | D13: changement d'essieu avant achat du laferaille changement d'alternateur de charge battrie vidange d'huile moteur et changement du filtre a huile | E13: (vide)
A14: 44026 | B14: 421 | C14: Linde H30 | D14: changement du manette de llevier hydraulique | E14: (vide)
A15: 44029 | B15: 435 | C15: Mitsubishi | D15: (vide) | E15: (vide)
A16: 44041 | B16: 433 | C16: Berlingo | D16: vidange d'uhuile moteur et changement du filtre a huile et filtre du climatiseur | E16: (vide)
A17: 44081 | B17: 422 | C17: Fenwick LINDE 25 | D17: changement d'arrét d'huile pompe hydraulique des roullement de pompe et leur joint torique filtre a gasoil | E17: (vide)
A18: 44120 | B18: 417 | C18: Berlingo | D18: changement du radiateur cable d'embrayage courroie courroie d'alternateur moteur tharmique achat bon occasion fourchette d'embrayage et butée d'embrayage et arrét d'huile cardon vidange d'huile moteur km | E18: (vide)
A19: 44131 | B19: 479 | C19: Hyundai County | D19: vidange d'huile moteur 15W40 | E19: (vide)
A20: 44132 | B20: 413 | C20: Caterpillar | D20: mise a niveau d'huile hydraulique AW68 | E20: (vide)
A21: 44144 | B21: 435 | C21: Mitsubishi | D21: vidange d'huile moteur 15W40 vidange du boite de vitesse vidange d'huile du pont arriere 457450 km | E21: (vide)
A22: 44145 | B22: 429 | C22: Fenwick HD30 | D22: vidange d'huile moteur et changement du filtre a air lavage et graissage generale d'engin 7619 h | E22: (vide)
B23: 430 | C23: Fenwick H40 | D23: Vidange d'huile moteur 15W40 changement du filtre a huile et filtre a gasoil lavage et netoyyage generale d'engin 224466 km | E23: (vide)
A24: 44146 | B24: 481 | C24: VOLVO | D24: réparation d'eclairage | E24: (vide)
A25: 44165 | B25: 471 | C25: Hyundai County | D25: vidange d'huile moteur et changement du filtre a huile 2631145010 filtre a air 281304H002 filtre a gasoil3194541002 102404 km | E25: (vide)
A26: 44183 | B26: 472 | C26: Linde H25d | D26: vidange d'huile moteur 15W40 changement du filtre a huile , filtre a airet filtre a gasoil lavage et graissage generale d'engin 1946 h | E26: (vide)
A27: 44248 | B27: 434 | C27: Linde H30D | D27: changement d'afficheur | E27: (vide)
A28: 44288 | B28: 405 | C28: ISUZU | D28: répataion d'embrayage et changement du disque d'embrayage et plateau de serrage et butée réparation du problememe de charge battrie et changement d'alternateur de charge battrie changement du mecanisme de frein de stationnement | E28: (vide)
A29: 44281 | B29: 429 | C29: Fenwick HD30 | D29: réparation du distributeur hydraulique de levage des verin | E29: (vide)
A30: 44293 | B30: 431 | C30: #REF! | D30: réparation du fuite de gazoil et changement du pompe d'alimentation gazoil et des galet de rampe 8 galet | E30: (vide)
A31: 44296 | B31: 436 | C31: Mitsubishi | D31: réparation du fuite d'eau et débouchage du radiateur et reinssage du circuit de refroidissement réparation du pompe de gazoil changemnt du pompe d'amorssage gazoil changement des durite d'eau et d'huile moteur vidange d'huuiile moteur 600764 km | E31: (vide)
A32: 44300 | B32: 438 | C32: VOLVO | D32: réparation du probleme de frein moteur | E32: (vide)
A33: 44305 | B33: 426 | C33: Manitou MC 30 | D33: réparationb et débouchage du rasdiatreur peinture generale d'engin | E33: (vide)
A34: 44424 | B34: 436 | C34: Mitsubishi | D34: réparation d'eclaiare et changement des lampes vidange d'huile moteur 15W40 lavage et graissage generale d'engin mise a niveau d'huile de frein 642000 | E34: 90
A35: 44431 | B35: 438 | C35: VOLVO | D35: vidange d'huile moteur et lavage et graissage generale d'engin 305471 km | E35: (vide)
A36: 44435 | B36: 439 | C36: VOLVO | D36: réparation du fixation du rous arriere droit pour plateau et changemebnt des roullement | E36: (vide)
A37: 44481 | B37: 439 | C37: VOLVO | D37: réparation d'eclairage | E37: (vide)
A38: 44484 | B38: 433 | C38: Berlingo | D38: changement des elemet de suspontion amortiseur av et ar +des chappe de direction +bielette de suspontion +triangle de suspontion + | E38: (vide)
A39: 44501 | B39: 430 | C39: Fenwick H40 | D39: en coure de réparation | E39: (vide)
A40: 44547 | B40: 431 | C40: Manitou M26-2 | D40: dépose du boite de vitesse pour changé leur pompea huile et changement du distributeur de marche avant erriere et joint du distributeur vidange d'huile moteur etchangement du filtre a huile 1851 h | E40: (vide)
A41: 44728 | B41: 472 | C41: Linde H25d | D41: ²en cour | E41: (vide)
A42: 44938 | B42: 411 | C42: Renault | D42: (vide) | E42: (vide)
A43: 44944 | B43: 431 | C43: Manitou M26-2 | D43: réparation des jeux au niveau d'essieu arrier (réparatuion d'essieu par ARI ) | E43: (vide)
A44: 44949 | B44: 401 | C44: ISUZU | D44: changement du deux jantes ref 11R22,5 changement du pompe d'amossage changement du jeu de balai d'essuie coupleur de ventilateur | E44: (vide)
A45: 44950 | B45: 427 | C45: Linde H30 | D45: réparation du fuite d'eau et changement des pastille du groupe réparation du fuite d'huile hydrauliquee | E45: (vide)
A46: 44963 | B46: 435 | C46: Mitsubishi | D46: réparatio d'alternateur de charge battrie | E46: (vide)
B47: 483 | C47: MI50D | D47: taraged et réparation des injecteur réparation du pompe dinjection gasoil | E47: (vide)
A48: 44964 | B48: 411 | C48: Renault | D48: changement du flexible hydraulique | E48: (vide)
A49: 44965 | B49: 471 | C49: Hyundai County | D49: changement du barre de direction court | E49: (vide)
B50: 480 | C50: VOLVO | D50: changement du deux jeu de fiche usure plaquette de frein | E50: (vide)
B51: (vide) | D51: changement du pompede frein pour voiture dacia khalil | E51: (vide)
A52: 44966 | B52: 403 | C52: MAN | D52: changeùment du coupleur de ventilateur de refroidissemnt | E52: (vide)
A53: 44978 | B53: 471 | C53: Hyundai County | D53: changement du pompe a eau | E53: (vide)
A54: 44979 | B54: 403 | C54: MAN | D54: contrôle de source de probleme mauvais rendement oteur et changement du kit d'embayage complet | E54: (vide)
A55: 45018 | B55: dacia | D55: changement du moteur thrmique achat du l'aferaille changementdu radiateur de refroidissement | E55: (vide)
A56: 45020 | B56: 406 | C56: VOLVO | D56: sortie hors sté pour changement des brisdes de serrage des ressort a lame | E56: (vide)
A57: 45050 | B57: 429 | C57: Fenwick HD30 | D57: démotage generale d'engin pour mise a nouveu et changement du moteur thermique achat du laferaille changement du pompe a eau changement des flexible changement des durite on cour de réparation | E57: (vide)
A58: 45054 | B58: 434 | C58: Linde H30D | D58: vidange d'huile poteur et changement du filtre a huile ref 01174416 filtre a gasoil ref 1174696 changement du démarreur 12 complet 4800 h | E58: (vide)
A59: 45057 | B59: 419 | C59: kangoo | D59: vidange d'huile moteur et changement du filtre a huile et filtre a gasoil et filtre a air 197000 km | E59: (vide)
A60: 45064 | B60: 429 | C60: Fenwick HD30 | D60: (vide) | E60: (vide)
A61: 45074 | B61: 420 | C61: linde h 45 | D61: mise a niveau d'huile hydraulique | E61: (vide)
A62: 45314 | B62: 428 | C62: Linde H30 | D62: changement du moteur thermique reparation et elimination des fuites d'huile hydraulique | E62: (vide)
A63: Total général

Sheet Hist engins
A2: An | B2: #REF!
A3: Mois | B3: (Tous)
A4: Code | B4: 401
A6: Étiquettes de lignes | B6: Détail Intervention | C6: Observations / Avancement
A7: suspension
A8: 44076 | B8: réparation des element de susponsion | C8: (vide)
B9: réparation des ressorts a lame et des axedu jumelle | C9: (vide)
A10: 44255 | B10: réparation du probleme de fixation du plateau sur chassis changement des vis de fixation par des brides des serrage | C10: (vide)
A11: 44543 | B11: réparation des elemnt de suspention | C11: (vide)
A12: Roue arriere
A13: 43770 | B13: changement du trampette d'essieu arriere complet a cause d'endommagement du cote roullement coté gauche ( achat du laferaille ) | C13: (vide)
A14: Embrayage
A15: 44166 | B15: chagnement du piece de rapeelle pompe d'embrayage | C15: (vide)
A16: 45187 | B16: dépose du bv pour changé leur kit d'embrayage complet et réparation des probleme de freinage et changement des garniture de freinb et des master de frein avant et achat du boiote de vitesse complet chat du bon occasion | C16: (vide)
A17: Entretien
A18: 43914 | B18: vidange d'huilme moteur at changement du filtre a huile lavage et graissage egenrale d'engin reparation du prbleme d'accelerateur | C18: (vide)
A19: eclairage
A20: 44484 | B20: changement ders feu de signalisation des cataphotes | C20: (vide)
A21: 44499 | B21: réparation d'eclairage et changement des lampes | C21: (vide)
A22: 44585 | B22: réparation d'eclairage et changement des lampes | C22: (vide)
A23: démarrage
A24: 44146 | B24: changement du battrie de démarrage l3 é(récupere sous garantie ) | C24: (vide)
A25: 44198 | B25: changement du deux battrie ref L3 12V changement du piecesrappel pedale d'accelerateur | C25: (vide)
A26: 44648 | B26: changemet du relai contact de démarreur | C26: (vide)
A27: Freinage
A28: 44050 | B28: changement du deux jeu de garnirure de frein des master de frein 8 master adaptable des arrét de graisse vidange d'huile moteur 715655km | C28: (vide)
A29: 44408 | B29: réparation du freianage et changement des arrét de graisse 3 roullement de roue goujon du roue arriere et avant 2 jeu de garniture de frein réparatio et débouchache du radiateur tarage des injecteur changement du pompe de gasoil et filtre a gasoil changement du master de frein vidange d'huile moteur 15W40 744590 km | C29: (vide)
A30: 44587 | B30: changement du deux jeu de garniture de frein av et ar et changement des roullement de moyeu pour essieu arriere et des arrét de graisse et plaque de refrigerant moteur | C30: (vide)
A31: 45209 | B31: changement du deux jeu de garniture de frein et quetre master de frein avant changement du boiite a vitesse chat du laferaille changemen du kit d'mbrayage complet changeent des arrét de graisse moyeu et des master de frein arriére | C31: (vide)
A32: Pneu
A33: 44460 | B33: changement du deux pneus ref 11R22,5 | C33: (vide)
A34: 45074 | B34: changement du quatre pneu ref 10R22,5 | C34: (vide)
A35: pneu
A36: 43851 | B36: changement du deux pneu ref 10R22,5 vidange systematieque et changement des filtres | C36: (vide)
A37: 44180 | B37: changement du deux pneu ref 10R22,5 | C37: (vide)
A38: Chassis
A39: 43822 | B39: chngement des vis de fixation plateau sur chassis | C39: (vide)
A40: charge du battrie
A41: 44648 | B41: changement d'alternateur de charge battriie achat neuf | C41: (vide)
A42: 44974 | B42: changement du courroie de charge battrie | C42: (vide)
A43: Tachygraphe
A44: 43880 | B44: renouvlement du certificat de tachygraphe | C44: (vide)
A45: Système electrique
A46: 43811 | B46: réparation d'eclairage et changemet des lampes | C46: (vide)
A47: accelerateur
A48: 43963 | B48: réparation du fixation du pedale d'accelerateur | C48: (vide)
A49: fuite d'eau
A50: 44333 | B50: changement d'essieu avant achat du l'aferaille | C50: (vide)
A51: carosserie
A52: 44190 | B52: changement du filet on nylon | C52: (vide)
A53: suspention
A54: 45050 | B54: réparation des element de suspention endommagé | C54: (vide)
A55: roue arriere
A56: 44705 | B56: changement du jeu ddes goujon de roue arriere droit | C56: (vide)
A57: fissure au niveau des jantes
A58: 44949 | B58: changement du deux jantes ref 11R22,5 changement du pompe d'amossage changement du jeu de balai d'essuie coupleur de ventilateur | C58: (vide)
A59: Mecanique
A60: 45352 | B60: changement du cable d'acceleration moteur | C60: (vide)
A61: 45376 | B61: reparation du fuite d'air au niveau d'appareille de frein | C61: (vide)
A62: 45414 | B62: vidange d'huile moteur et changement du filltre à huile et filtre à gasoil lavage et graissage general d'engin | C62: (vide)
A63: 45451 | B63: reparation du prbleme de demarrage moteur et changement du groupe d'amossage gasoil | C63: (vide)
A64: 45458 | B64: reparation du probleme demarrage moteur | C64: (vide)
A65: 45467 | B65: reparation du probleme de refroidissement moteur et changement du ventilateur | C65: (vide)
A66: 45517 | B66: reparation du probleme electrique d'eclairage | C66: (vide)
A67: electrique
A68: 45414 | B68: reparation d'eclairage et changement des lampes et feu de signal | C68: (vide)
A69: Total général

Sheet bdd pneu
F6: Pneu N°1 | K6: Pneu N°2 | P6: Pneu N°3 | U6: Pneu N°4 | Z6: Pneu N°5 | AE6: Pneu N°6 | AJ6: Pneu N°7 | AO6: Pneu N°8 | AT6: Pneu N°9 | AY6: Pneu °10 | BD6: Pneu N°11 | BI6: Pneu N°12 | BN6: Pneu N°13 | BS6: Pneu N°14 | BX6: Pneu Secour N°1 | CC6: Pneu Secour N°2
A7: Code | B7: Type véhicule | C7: Marque | D7: Matricule | E7: Compteur | F7: Reference | G7: N serie | H7: Date montage | I7: Compteur1 | J7: KM restant | K7: Reference2 | L7: N serie3 | M7: Date montage4 | N7: Compteur2 | O7: KM restant6 | P7: Reference3 | Q7: N serie4 | R7: Date montage5 | S7: Compteur3 | T7: KM restant7 | U7: Reference4 | V7: N serie5 | W7: Date montage6 | X7: Compteur4 | Y7: KM restant8 | Z7: Reference5 | AA7: N serie6 | AB7: Date montage7 | AC7: Compteur5 | AD7: KM restant9 | AE7: Reference6 | AF7: N serie7 | AG7: Date montage8 | AH7: Compteur6 | AI7: KM restant10 | AJ7: Reference7 | AK7: N serie8 | AL7: Date montage9 | AM7: Compteur7 | AN7: KM restant11 | AO7: Reference8 | AP7: N serie9 | AQ7: Date montage10 | AR7: Compteur8 | AS7: KM restant12 | AT7: Reference9 | AU7: N serie10 | AV7: Date montage11 | AW7: Compteur9 | AX7: KM restant13 | AY7: Reference10 | AZ7: N serie11 | BA7: Date montage12 | BB7: Compteur10 | BC7: KM restant14 | BD7: Reference11 | BE7: N serie12 | BF7: Date montage13 | BG7: Compteur11 | BH7: KM restant15 | BI7: Reference12 | BJ7: N serie13 | BK7: Date montage14 | BL7: Compteur12 | BM7: KM restant16 | BN7: Reference13 | BO7: N serie14 | BP7: Date montage15 | BQ7: Compteur13 | BR7: KM restant17 | BS7: Reference14 | BT7: N serie15 | BU7: Date montage16 | BV7: Compteur14 | BW7: KM restant18 | BX7: Reference15 | BY7: N serie16 | BZ7: Date montage17 | CA7: CompteurS1 | CB7: KM restant19 | CC7: Reference16 | CD7: N serie17 | CE7: Date montage18 | CF7: CompteurS2 | CG7: KM restant20
A8: 401 | B8: Camion | C8: ISUZU | D8: 26128-A-8 | E8: 812100 | F8: 11R22,5 | G8: NGG125455 | H8: 45075 | I8: 795222 | J8: =80000-(Tableau35[[#This Row],[Compteur]]-Tableau35[[#This Row],[Compteur1]]) -> 63122 | K8: 11R22,5 | L8: NGG22514 | M8: 45075 | N8: 795222 | O8: =80000-(Tableau35[[#This Row],[Compteur]]-Tableau35[[#This Row],[Compteur2]]) -> 63122 | P8: 10R22,5 | Q8: HHJ25333 | R8: 44575 | S8: 780111 | T8: =80000-(Tableau35[[#This Row],[Compteur]]-Tableau35[[#This Row],[Compteur3]]) -> 48011 | U8: 10R22,5 | V8: HHJ1211 | W8: 44575 | X8: 780111 | Y8: =80000-(Tableau35[[#This Row],[Compteur]]-Tableau35[[#This Row],[Compteur4]]) -> 48011 | Z8: 10R22,5 | AA8: TGG41154 | AB8: 44445 | AC8: 740222 | AD8: =80000-(Tableau35[[#This Row],[Compteur]]-Tableau35[[#This Row],[Compteur5]]) -> 8122 | AE8: 10R22,5 | AF8: TGG41558 | AG8: 44445 | AH8: 740222 | AI8: =80000-(Tableau35[[#This Row],[Compteur]]-Tableau35[[#This Row],[Compteur6]]) -> 8122 | AN8: =80000-(Tableau35[[#This Row],[Compteur]]-Tableau35[[#This Row],[Compteur7]]) -> -732100 | AS8: =80000-(Tableau35[[#This Row],[Compteur]]-Tableau35[[#This Row],[Compteur8]]) -> -732100 | AX8: =80000-(Tableau35[[#This Row],[Compteur]]-Tableau35[[#This Row],[Compteur9]]) -> -732100 | BC8: =80000-(Tableau35[[#This Row],[Compteur]]-Tableau35[[#This Row],[Compteur10]]) -> -732100 | BH8: =80000-(Tableau35[[#This Row],[Compteur]]-Tableau35[[#This Row],[Compteur11]]) -> -732100 | BM8: =80000-(Tableau35[[#This Row],[Compteur]]-Tableau35[[#This Row],[Compteur12]]) -> -732100 | BR8: =80000-(Tableau35[[#This Row],[Compteur]]-Tableau35[[#This Row],[Compteur13]]) -> -732100 | BW8: =80000-(Tableau35[[#This Row],[Compteur]]-Tableau35[[#This Row],[Compteur14]]) -> -732100 | CB8: =80000-(Tableau35[[#This Row],[Compteur]]-Tableau35[[#This Row],[CompteurS1]]) -> -732100 | CG8: =80000-(Tableau35[[#This Row],[Compteur]]-Tableau35[[#This Row],[CompteurS2]]) -> -732100
A9: 403 | B9: Camion | C9: MAN | D9: 4790-B-8 | E9: 915600 | F9: 11R22,5 | G9: E2S870227 | H9: 45202 | I9: 912221 | J9: =80000-(Tableau35[[#This Row],[Compteur]]-Tableau35[[#This Row],[Compteur1]]) -> 76621 | K9: 11R22,5 | L9: E2S870412 | M9: 45202 | N9: 912221 | O9: =80000-(Tableau35[[#This Row],[Compteur]]-Tableau35[[#This Row],[Compteur2]]) -> 76621 | P9: 11r22,5 | Q9: NHB10859A | R9: 44627 | S9: 881000 | T9: =80000-(Tableau35[[#This Row],[Compteur]]-Tableau35[[#This Row],[Compteur3]]) -> 45400 | U9: 11r22,5 | V9: NHB20859A | W9: 44627 | X9: 881000 | Y9: =80000-(Tableau35[[#This Row],[Compteur]]-Tableau35[[#This Row],[Compteur4]]) -> 45400 | Z9: 11r22,5 | AA9: pll12555 | AB9: 44589 | AC9: 840000 | AD9: =80000-(Tableau35[[#This Row],[Compteur]]-Tableau35[[#This Row],[Compteur5]]) -> 4400 | AE9: 11r22,5 | AF9: pll21556 | AG9: 44589 | AH9: 840000 | AI9: =80000-(Tableau35[[#This Row],[Compteur]]-Tableau35[[#This Row],[Compteur6]]) -> 4400 | AN9: =80000-(Tableau35[[#This Row],[Compteur]]-Tableau35[[#This Row],[Compteur7]]) -> -835600 | AS9: =80000-(Tableau35[[#This Row],[Compteur]]-Tableau35[[#This Row],[Compteur8]]) -> -835600 | AX9: =80000-(Tableau35[[#This Row],[Compteur]]-Tableau35[[#This Row],[Compteur9]]) -> -835600 | BC9: =80000-(Tableau35[[#This Row],[Compteur]]-Tableau35[[#This Row],[Compteur10]]) -> -835600 | BH9: =80000-(Tableau35[[#This Row],[Compteur]]-Tableau35[[#This Row],[Compteur11]]) -> -835600 | BM9: =80000-(Tableau35[[#This Row],[Compteur]]-Tableau35[[#This Row],[Compteur12]]) -> -835600 | BR9: =80000-(Tableau35[[#This Row],[Compteur]]-Tableau35[[#This Row],[Compteur13]]) -> -835600 | BW9: =80000-(Tableau35[[#This Row],[Compteur]]-Tableau35[[#This Row],[Compteur14]]) -> -835600 | BX9: 11R22,5 | BY9: KLL45451 | BZ9: 44589 | CA9: 840000 | CB9: =80000-(Tableau35[[#This Row],[Compteur]]-Tableau35[[#This Row],[CompteurS1]]) -> 4400 | CG9: =80000-(Tableau35[[#This Row],[Compteur]]-Tableau35[[#This Row],[CompteurS2]]) -> -835600
A10: 406 | B10: Semi remorque | C10: VOLVO | D10: 70352-A-6 | E10: 815200 | F10: 315/80R22,5 | G10: ppj52258 | H10: 44653 | I10: 784000 | J10: =80000-(Tableau35[[#This Row],[Compteur]]-Tableau35[[#This Row],[Compteur1]]) -> 48800 | K10: 315/80R22,5 | L10: PPJ52288 | M10: 44653 | N10: 784000 | O10: =80000-(Tableau35[[#This Row],[Compteur]]-Tableau35[[#This Row],[Compteur2]]) -> 48800 | P10: 315/80R22,5 | Q10: KML522225 | R10: 44653 | S10: 784000 | T10: =80000-(Tableau35[[#This Row],[Compteur]]-Tableau35[[#This Row],[Compteur3]]) -> 48800 | U10: 315/80R22,5 | V10: KML522225 | W10: 44653 | X10: 784000 | Y10: =80000-(Tableau35[[#This Row],[Compteur]]-Tableau35[[#This Row],[Compteur4]]) -> 48800 | Z10: 315/80R22,5 | AA10: MLL52336 | AB10: 44240 | AC10: 751000 | AD10: =80000-(Tableau35[[#This Row],[Compteur]]-Tableau35[[#This Row],[Compteur5]]) -> 15800 | AE10: 315/80R22,5 | AF10: MLL52526 | AG10: 44240 | AH10: 751000 | AI10: =80000-(Tableau35[[#This Row],[Compteur]]-Tableau35[[#This Row],[Compteur6]]) -> 15800 | AJ10: 315/80R22,5 | AK10: PLO66587 | AL10: 44240 | AM10: 751000 | AN10: =80000-(Tableau35[[#This Row],[Compteur]]-Tableau35[[#This Row],[Compteur7]]) -> 15800 | AO10: 315/80R22,5 | AP10: PLO66587 | AQ10: 44240 | AR10: 751000 | AS10: =80000-(Tableau35[[#This Row],[Compteur]]-Tableau35[[#This Row],[Compteur8]]) -> 15800 | AT10: 315/80R22,5 | AU10: PLO66988 | AV10: 44240 | AW10: 751000 | AX10: =80000-(Tableau35[[#This Row],[Compteur]]-Tableau35[[#This Row],[Compteur9]]) -> 15800 | AY10: 315/80R22,5 | AZ10: PLI55478 | BA10: 44240 | BB10: 751000 | BC10: =80000-(Tableau35[[#This Row],[Compteur]]-Tableau35[[#This Row],[Compteur10]]) -> 15800 | BD10: 315/80R22,5 | BE10: PL55M4 | BF10: 44207 | BG10: 748000 | BH10: =80000-(Tableau35[[#This Row],[Compteur]]-Tableau35[[#This Row],[Compteur11]]) -> 12800 | BI10: 12R22,5 | BJ10: JJH 25566 | BK10: 44207 | BL10: 748000 | BM10: =80000-(Tableau35[[#This Row],[Compteur]]-Tableau35[[#This Row],[Compteur12]]) -> 12800 | BN10: 12R22,5 | BO10: JJK5369 | BP10: 44207 | BQ10: 748000 | BR10: =80000-(Tableau35[[#This Row],[Compteur]]-Tableau35[[#This Row],[Compteur13]]) -> 12800 | BS10: 12R22,5 | BT10: JJH58997 | BU10: 44207 | BV10: 748000 | BW10: =80000-(Tableau35[[#This Row],[Compteur]]-Tableau35[[#This Row],[Compteur14]]) -> 12800 | BX10: 12R22,5 | BY10: JJH225899 | BZ10: 44785 | CA10: 704111 | CB10: =80000-(Tableau35[[#This Row],[Compteur]]-Tableau35[[#This Row],[CompteurS1]]) -> -31089 | CG10: =80000-(Tableau35[[#This Row],[Compteur]]-Tableau35[[#This Row],[CompteurS2]]) -> -735200
A11: 407 | B11: Semi remorque | C11: MAN | D11: 706-A-73 | E11: 89400 | F11: 315/80R22,5 | G11: HUN5542 | H11: 45185 | I11: 81002 | J11: =80000-(Tableau35[[#This Row],[Compteur]]-Tableau35[[#This Row],[Compteur1]]) -> 71602 | K11: 315/80R22,5 | L11: HUN24455 | M11: 45185 | N11: 81002 | O11: =80000-(Tableau35[[#This Row],[Compteur]]-Tableau35[[#This Row],[Compteur2]]) -> 71602 | P11: 315/80R22,5 | Q11: HUN58866 | R11: 45185 | S11: 81002 | T11: =80000-(Tableau35[[#This Row],[Compteur]]-Tableau35[[#This Row],[Compteur3]]) -> 71602 | U11: 315/80R22,5 | V11: HUN75825A | W11: 45185 | X11: 81002 | Y11: =80000-(Tableau35[[#This Row],[Compteur]]-Tableau35[[#This Row],[Compteur4]]) -> 71602 | Z11: 315/80R22,5 | AA11: HUN75825A | AB11: 44700 | AC11: 71200 | AD11: =80000-(Tableau35[[#This Row],[Compteur]]-Tableau35[[#This Row],[Compteur5]]) -> 61800 | AE11: 315/80R22,5 | AF11: HUN75825A | AG11: 44700 | AH11: 71200 | AI11: =80000-(Tableau35[[#This Row],[Compteur]]-Tableau35[[#This Row],[Compteur6]]) -> 61800 | AJ11: 315/80R22,5 | AK11: GHY01950 | AL11: 44700 | AM11: 71200 | AN11: =80000-(Tableau35[[#This Row],[Compteur]]-Tableau35[[#This Row],[Compteur7]]) -> 61800 | AO11: 315/80R22,5 | AP11: HHY00875E | AQ11: 44700 | AR11: 71200 | AS11: =80000-(Tableau35[[#This Row],[Compteur]]-Tableau35[[#This Row],[Compteur8]]) -> 61800 | AT11: 315/80R22,5 | AU11: HHY00709E | AV11: 44218 | AW11: 65300 | AX11: =80000-(Tableau35[[#This Row],[Compteur]]-Tableau35[[#This Row],[Compteur9]]) -> 55900 | AY11: 315/80R22,5 | AZ11: GHY01950 | BA11: 44218 | BB11: 65300 | BC11: =80000-(Tableau35[[#This Row],[Compteur]]-Tableau35[[#This Row],[Compteur10]]) -> 55900 | BD11: 315/80r22,5 | BE11: MML45887 | BF11: 44218 | BG11: 65300 | BH11: =80000-(Tableau35[[#This Row],[Compteur]]-Tableau35[[#This Row],[Compteur11]]) -> 55900 | BI11: 315/80r22,5 | BJ11: MML12554 | BK11: 44218 | BL11: 65300 | BM11: =80000-(Tableau35[[#This Row],[Compteur]]-Tableau35[[#This Row],[Compteur12]]) -> 55900 | BN11: 315/80r22,5 | BO11: LLM25668 | BP11: 44218 | BQ11: 65300 | BR11: =80000-(Tableau35[[#This Row],[Compteur]]-Tableau35[[#This Row],[Compteur13]]) -> 55900 | BS11: 315/80r22,5 | BT11: LMM2141 | BU11: 44525 | BV11: 46400 | BW11: =80000-(Tableau35[[#This Row],[Compteur]]-Tableau35[[#This Row],[Compteur14]]) -> 37000 | CB11: =80000-(Tableau35[[#This Row],[Compteur]]-Tableau35[[#This Row],[CompteurS1]]) -> -9400 | CG11: =80000-(Tableau35[[#This Row],[Compteur]]-Tableau35[[#This Row],[CompteurS2]]) -> -9400
A12: 408 | B12: Camion | C12: Mitsubishi | D12: 4703-A-73 | E12: 521000 | F12: 11R22,5 | G12: LK5774 | H12: 45170 | I12: 516000 | J12: =80000-(Tableau35[[#This Row],[Compteur]]-Tableau35[[#This Row],[Compteur1]]) -> 75000 | K12: 11R22,5 | L12: LK55412 | M12: 45170 | N12: 516000 | O12: =80000-(Tableau35[[#This Row],[Compteur]]-Tableau35[[#This Row],[Compteur2]]) -> 75000 | P12: 11R22,5 | Q12: ML5447K | R12: 44467 | S12: 481000 | T12: =80000-(Tableau35[[#This Row],[Compteur]]-Tableau35[[#This Row],[Compteur3]]) -> 40000 | U12: 11R22,5 | V12: MPL55428 | W12: 44467 | X12: 481000 | Y12: =80000-(Tableau35[[#This Row],[Compteur]]-Tableau35[[#This Row],[Compteur4]]) -> 40000 | Z12: 11R22,5 | AA12: MPL55477 | AB12: 44439 | AC12: 462000 | AD12: =80000-(Tableau35[[#This Row],[Compteur]]-Tableau35[[#This Row],[Compteur5]]) -> 21000 | AE12: 11R22,5 | AF12: MPL5669 | AG12: 44439 | AH12: 462000 | AI12: =80000-(Tableau35[[#This Row],[Compteur]]-Tableau35[[#This Row],[Compteur6]]) -> 21000 | AN12: =80000-(Tableau35[[#This Row],[Compteur]]-Tableau35[[#This Row],[Compteur7]]) -> -441000 | AS12: =80000-(Tableau35[[#This Row],[Compteur]]-Tableau35[[#This Row],[Compteur8]]) -> -441000 | AX12: =80000-(Tableau35[[#This Row],[Compteur]]-Tableau35[[#This Row],[Compteur9]]) -> -441000 | BC12: =80000-(Tableau35[[#This Row],[Compteur]]-Tableau35[[#This Row],[Compteur10]]) -> -441000 | BH12: =80000-(Tableau35[[#This Row],[Compteur]]-Tableau35[[#This Row],[Compteur11]]) -> -441000 | BM12: =80000-(Tableau35[[#This Row],[Compteur]]-Tableau35[[#This Row],[Compteur12]]) -> -441000 | BR12: =80000-(Tableau35[[#This Row],[Compteur]]-Tableau35[[#This Row],[Compteur13]]) -> -441000 | BW12: =80000-(Tableau35[[#This Row],[Compteur]]-Tableau35[[#This Row],[Compteur14]]) -> -441000 | CB12: =80000-(Tableau35[[#This Row],[Compteur]]-Tableau35[[#This Row],[CompteurS1]]) -> -441000 | CG12: =80000-(Tableau35[[#This Row],[Compteur]]-Tableau35[[#This Row],[CompteurS2]]) -> -441000
A13: 409 | B13: Camion | C13: Mitsubishi | D13: 4969-A-73 | E13: 878900 | F13: 12R22,5XZ | G13: JDB07368D | H13: 45119 | I13: 870200 | J13: =80000-(Tableau35[[#This Row],[Compteur]]-Tableau35[[#This Row],[Compteur1]]) -> 71300 | K13: 12R22,5XZ | L13: JDB07368D | M13: 45119 | N13: 870200 | O13: =80000-(Tableau35[[#This Row],[Compteur]]-Tableau35[[#This Row],[Compteur2]]) -> 71300 | P13: 12R22,5 | Q13: HDAA4457 | R13: 44475 | S13: 810000 | T13: =80000-(Tableau35[[#This Row],[Compteur]]-Tableau35[[#This Row],[Compteur3]]) -> 11100 | U13: 12R22,5XZ | V13: HDA02166C | W13: 44475 | X13: 810000 | Y13: =80000-(Tableau35[[#This Row],[Compteur]]-Tableau35[[#This Row],[Compteur4]]) -> 11100 | Z13: 12R22,5XZ | AA13: F2R601006 | AB13: 44461 | AC13: 800500 | AD13: =80000-(Tableau35[[#This Row],[Compteur]]-Tableau35[[#This Row],[Compteur5]]) -> 1600 | AE13: 12R22,5XZ | AF13: TGG41154 | AG13: 44461 | AH13: 800500 | AI13: =80000-(Tableau35[[#This Row],[Compteur]]-Tableau35[[#This Row],[Compteur6]]) -> 1600 | AN13: =80000-(Tableau35[[#This Row],[Compteur]]-Tableau35[[#This Row],[Compteur7]]) -> -798900 | AS13: =80000-(Tableau35[[#This Row],[Compteur]]-Tableau35[[#This Row],[Compteur8]]) -> -798900 | AX13: =80000-(Tableau35[[#This Row],[Compteur]]-Tableau35[[#This Row],[Compteur9]]) -> -798900 | BC13: =80000-(Tableau35[[#This Row],[Compteur]]-Tableau35[[#This Row],[Compteur10]]) -> -798900 | BH13: =80000-(Tableau35[[#This Row],[Compteur]]-Tableau35[[#This Row],[Compteur11]]) -> -798900 | BM13: =80000-(Tableau35[[#This Row],[Compteur]]-Tableau35[[#This Row],[Compteur12]]) -> -798900 | BR13: =80000-(Tableau35[[#This Row],[Compteur]]-Tableau35[[#This Row],[Compteur13]]) -> -798900 | BW13: =80000-(Tableau35[[#This Row],[Compteur]]-Tableau35[[#This Row],[Compteur14]]) -> -798900 | BX13: 12R22,5XZ | BY13: MDD07319A | BZ13: 43689 | CA13: 765221 | CB13: =80000-(Tableau35[[#This Row],[Compteur]]-Tableau35[[#This Row],[CompteurS1]]) -> -33679 | CG13: =80000-(Tableau35[[#This Row],[Compteur]]-Tableau35[[#This Row],[CompteurS2]]) -> -798900
A14: 411 | B14: Camion | C14: Renault | D14: 25636-A-13 | E14: 929200 | F14: 11R22,5 | G14: HUN24455 | H14: 45109 | I14: 897000 | J14: =80000-(Tableau35[[#This Row],[Compteur]]-Tableau35[[#This Row],[Compteur1]]) -> 47800 | K14: 11R22,5 | L14: E2S870227 | M14: 45109 | N14: 897000 | O14: =80000-(Tableau35[[#This Row],[Compteur]]-Tableau35[[#This Row],[Compteur2]]) -> 47800 | P14: 11R22,5 | Q14: E2S870227 | R14: 45098 | S14: 891600 | T14: =80000-(Tableau35[[#This Row],[Compteur]]-Tableau35[[#This Row],[Compteur3]]) -> 42400 | U14: 11R22,5 | V14: E2S870227 | W14: 45098 | X14: 891600 | Y14: =80000-(Tableau35[[#This Row],[Compteur]]-Tableau35[[#This Row],[Compteur4]]) -> 42400 | Z14: 11R22,5 | AA14: LKK54555 | AB14: 45098 | AC14: 891600 | AD14: =80000-(Tableau35[[#This Row],[Compteur]]-Tableau35[[#This Row],[Compteur5]]) -> 42400 | AE14: 11R22,5 | AF14: LKK54255 | AG14: 45098 | AH14: 891600 | AI14: =80000-(Tableau35[[#This Row],[Compteur]]-Tableau35[[#This Row],[Compteur6]]) -> 42400 | AN14: =80000-(Tableau35[[#This Row],[Compteur]]-Tableau35[[#This Row],[Compteur7]]) -> -849200 | AS14: =80000-(Tableau35[[#This Row],[Compteur]]-Tableau35[[#This Row],[Compteur8]]) -> -849200 | AX14: =80000-(Tableau35[[#This Row],[Compteur]]-Tableau35[[#This Row],[Compteur9]]) -> -849200 | BC14: =80000-(Tableau35[[#This Row],[Compteur]]-Tableau35[[#This Row],[Compteur10]]) -> -849200 | BH14: =80000-(Tableau35[[#This Row],[Compteur]]-Tableau35[[#This Row],[Compteur11]]) -> -849200 | BM14: =80000-(Tableau35[[#This Row],[Compteur]]-Tableau35[[#This Row],[Compteur12]]) -> -849200 | BR14: =80000-(Tableau35[[#This Row],[Compteur]]-Tableau35[[#This Row],[Compteur13]]) -> -849200 | BW14: =80000-(Tableau35[[#This Row],[Compteur]]-Tableau35[[#This Row],[Compteur14]]) -> -849200 | CB14: =80000-(Tableau35[[#This Row],[Compteur]]-Tableau35[[#This Row],[CompteurS1]]) -> -849200 | CG14: =80000-(Tableau35[[#This Row],[Compteur]]-Tableau35[[#This Row],[CompteurS2]]) -> -849200
A15: 435 | B15: Camion | C15: Mitsubishi | D15: 11469-A-73 | E15: 742500 | F15: 12R22,5XZ | G15: LLMP5448 | H15: 45002 | I15: 702100 | J15: 14558 | K15: 12R22,5XZ | L15: LLMP5447 | M15: 45002 | N15: 702100 | O15: 14558 | P15: 12R22,5 | Q15: NHB20859A | R15: 45002 | S15: 702100 | T15: =80000-(Tableau35[[#This Row],[Compteur]]-Tableau35[[#This Row],[Compteur3]]) -> 39600 | U15: 12R22,5 | V15: MLP5535 | W15: 45002 | X15: 702100 | Y15: =80000-(Tableau35[[#This Row],[Compteur]]-Tableau35[[#This Row],[Compteur4]]) -> 39600 | Z15: 12R22,5 | AA15: MLLP2555 | AB15: 44939 | AC15: 690400 | AD15: =80000-(Tableau35[[#This Row],[Compteur]]-Tableau35[[#This Row],[Compteur5]]) -> 27900 | AE15: 12R22,5 | AF15: JLM2251 | AG15: 44939 | AH15: 690400 | AI15: =80000-(Tableau35[[#This Row],[Compteur]]-Tableau35[[#This Row],[Compteur6]]) -> 27900 | AN15: =80000-(Tableau35[[#This Row],[Compteur]]-Tableau35[[#This Row],[Compteur7]]) -> -662500 | AS15: =80000-(Tableau35[[#This Row],[Compteur]]-Tableau35[[#This Row],[Compteur8]]) -> -662500 | AX15: =80000-(Tableau35[[#This Row],[Compteur]]-Tableau35[[#This Row],[Compteur9]]) -> -662500 | BC15: =80000-(Tableau35[[#This Row],[Compteur]]-Tableau35[[#This Row],[Compteur10]]) -> -662500 | BH15: =80000-(Tableau35[[#This Row],[Compteur]]-Tableau35[[#This Row],[Compteur11]]) -> -662500 | BM15: =80000-(Tableau35[[#This Row],[Compteur]]-Tableau35[[#This Row],[Compteur12]]) -> -662500 | BR15: =80000-(Tableau35[[#This Row],[Compteur]]-Tableau35[[#This Row],[Compteur13]]) -> -662500 | BW15: =80000-(Tableau35[[#This Row],[Compteur]]-Tableau35[[#This Row],[Compteur14]]) -> -662500 | CB15: =80000-(Tableau35[[#This Row],[Compteur]]-Tableau35[[#This Row],[CompteurS1]]) -> -662500 | CG15: =80000-(Tableau35[[#This Row],[Compteur]]-Tableau35[[#This Row],[CompteurS2]]) -> -662500
A16: 438 | B16: Semi remorque | C16: VOLVO | D16: 17885-A-73 | E16: 512400 | F16: 315/80R22,5 | G16: XCC21544 | H16: 44990 | I16: 481000 | J16: =80000-(Tableau35[[#This Row],[Compteur]]-Tableau35[[#This Row],[Compteur1]]) -> 48600 | K16: 315/80R22,5 | L16: XCC21541 | M16: 44990 | N16: 481000 | O16: =80000-(Tableau35[[#This Row],[Compteur]]-Tableau35[[#This Row],[Compteur2]]) -> 48600 | P16: 315/80R22,5 | Q16: HUN75825A | R16: 44990 | S16: 481000 | T16: =80000-(Tableau35[[#This Row],[Compteur]]-Tableau35[[#This Row],[Compteur3]]) -> 48600 | U16: 315/80R22,5 | V16: OUN00469A | W16: 44990 | X16: 481000 | Y16: =80000-(Tableau35[[#This Row],[Compteur]]-Tableau35[[#This Row],[Compteur4]]) -> 48600 | Z16: 315/80R22,5 | AA16: OUN02261A | AB16: 44990 | AC16: 481000 | AD16: =80000-(Tableau35[[#This Row],[Compteur]]-Tableau35[[#This Row],[Compteur5]]) -> 48600 | AE16: 315/80R22,5 | AF16: TGG41154 | AG16: 44990 | AH16: 481000 | AI16: =80000-(Tableau35[[#This Row],[Compteur]]-Tableau35[[#This Row],[Compteur6]]) -> 48600 | AJ16: 315/80R22,5 | AK16: TGG41154 | AL16: 44990 | AM16: 481000 | AN16: =80000-(Tableau35[[#This Row],[Compteur]]-Tableau35[[#This Row],[Compteur7]]) -> 48600 | AO16: 315/80R22,5 | AP16: 8523602 | AQ16: 44778 | AR16: 477000 | AS16: =80000-(Tableau35[[#This Row],[Compteur]]-Tableau35[[#This Row],[Compteur8]]) -> 44600 | AT16: 315/80R22,5 | AU16: RHB10446A | AV16: 44778 | AW16: 477000 | AX16: =80000-(Tableau35[[#This Row],[Compteur]]-Tableau35[[#This Row],[Compteur9]]) -> 44600 | AY16: 315/80R22,5 | AZ16: RHB5524 | BA16: 44778 | BB16: 477000 | BC16: =80000-(Tableau35[[#This Row],[Compteur]]-Tableau35[[#This Row],[Compteur10]]) -> 44600 | BD16: 315/80R22,5 | BE16: RHB6988 | BF16: 44778 | BG16: 477000 | BH16: =80000-(Tableau35[[#This Row],[Compteur]]-Tableau35[[#This Row],[Compteur11]]) -> 44600 | BI16: 315/80R22,5 | BJ16: RHB455 | BK16: 44778 | BL16: 477000 | BM16: =80000-(Tableau35[[#This Row],[Compteur]]-Tableau35[[#This Row],[Compteur12]]) -> 44600 | BN16: 315/80R22,5 | BO16: RHZ51114 | BP16: 44778 | BQ16: 477000 | BR16: =80000-(Tableau35[[#This Row],[Compteur]]-Tableau35[[#This Row],[Compteur13]]) -> 44600 | BS16: 315/80R22,5 | BT16: RHZ121 | BU16: 44778 | BV16: 477000 | BW16: =80000-(Tableau35[[#This Row],[Compteur]]-Tableau35[[#This Row],[Compteur14]]) -> 44600 | BX16: 315/80R22,5 | BY16: RHZ12874 | BZ16: 44778 | CA16: 477000 | CB16: =80000-(Tableau35[[#This Row],[Compteur]]-Tableau35[[#This Row],[CompteurS1]]) -> 44600 | CC16: 315/80R22,5 | CD16: RHZ40000 | CE16: 43800 | CF16: 201222 | CG16: =80000-(Tableau35[[#This Row],[Compteur]]-Tableau35[[#This Row],[CompteurS2]]) -> -231178
A17: 439 | B17: Semi remorque | C17: VOLVO | D17: 17886-A-73 | E17: 486300 | F17: 315/80R22,5 | G17: MLL54478 | H17: 45251 | I17: 440100 | J17: =80000-(Tableau35[[#This Row],[Compteur]]-Tableau35[[#This Row],[Compteur1]]) -> 33800 | K17: 315/80R22,5 | L17: MML53366 | M17: 45251 | N17: 440100 | O17: =80000-(Tableau35[[#This Row],[Compteur]]-Tableau35[[#This Row],[Compteur2]]) -> 33800 | P17: 315/80R22,5 | Q17: MML522447 | R17: 45251 | S17: 440100 | T17: =80000-(Tableau35[[#This Row],[Compteur]]-Tableau35[[#This Row],[Compteur3]]) -> 33800 | U17: 315/80R22,5 | V17: MLL58999 | W17: 45251 | X17: 440100 | Y17: =80000-(Tableau35[[#This Row],[Compteur]]-Tableau35[[#This Row],[Compteur4]]) -> 33800 | Z17: 315/80R22,5 | AA17: HUN75825A | AB17: 44863 | AC17: 410000 | AD17: =80000-(Tableau35[[#This Row],[Compteur]]-Tableau35[[#This Row],[Compteur5]]) -> 3700 | AE17: 315/80R22,5 | AF17: HUN75825A | AG17: 44863 | AH17: 410000 | AI17: =80000-(Tableau35[[#This Row],[Compteur]]-Tableau35[[#This Row],[Compteur6]]) -> 3700 | AJ17: 315/80R22,5 | AK17: KLM8997 | AL17: 44863 | AM17: 410000 | AN17: =80000-(Tableau35[[#This Row],[Compteur]]-Tableau35[[#This Row],[Compteur7]]) -> 3700 | AO17: 315/80R22,5 | AP17: KLM5699 | AQ17: 44863 | AR17: 410000 | AS17: =80000-(Tableau35[[#This Row],[Compteur]]-Tableau35[[#This Row],[Compteur8]]) -> 3700 | AT17: 315/80R22,5 | AU17: LMM25663 | AV17: 44863 | AW17: 410000 | AX17: =80000-(Tableau35[[#This Row],[Compteur]]-Tableau35[[#This Row],[Compteur9]]) -> 3700 | AY17: 315/80R22,5 | AZ17: LMM655889 | BA17: 44863 | BB17: 410000 | BC17: =80000-(Tableau35[[#This Row],[Compteur]]-Tableau35[[#This Row],[Compteur10]]) -> 3700 | BD17: 315/80R22,5 | BE17: KLM2214 | BF17: 44863 | BG17: 410000 | BH17: =80000-(Tableau35[[#This Row],[Compteur]]-Tableau35[[#This Row],[Compteur11]]) -> 3700 | BI17: 315/80r22,5 | BJ17: KLM2554 | BK17: 44863 | BL17: 410000 | BM17: =80000-(Tableau35[[#This Row],[Compteur]]-Tableau35[[#This Row],[Compteur12]]) -> 3700 | BN17: 315/80r22,5 | BO17: LMM54478 | BP17: 44863 | BQ17: 410000 | BR17: =80000-(Tableau35[[#This Row],[Compteur]]-Tableau35[[#This Row],[Compteur13]]) -> 3700 | BW17: =80000-(Tableau35[[#This Row],[Compteur]]-Tableau35[[#This Row],[Compteur14]]) -> -406300 | CB17: =80000-(Tableau35[[#This Row],[Compteur]]-Tableau35[[#This Row],[CompteurS1]]) -> -406300 | CG17: =80000-(Tableau35[[#This Row],[Compteur]]-Tableau35[[#This Row],[CompteurS2]]) -> -406300
A18: 480 | B18: Camion | C18: VOLVO | D18: 22299-A-73 | E18: 437100 | F18: 295/80R22,5 | G18: MDA4778 | H18: 45168 | I18: 415000 | J18: =80000-(Tableau35[[#This Row],[Compteur]]-Tableau35[[#This Row],[Compteur1]]) -> 57900 | K18: 295/80R22,5 | L18: MDA03563 | M18: 45168 | N18: 415000 | O18: =80000-(Tableau35[[#This Row],[Compteur]]-Tableau35[[#This Row],[Compteur2]]) -> 57900 | P18: 315/80R22,5 | Q18: PLH26015B | R18: 45075 | S18: 397000 | T18: =80000-(Tableau35[[#This Row],[Compteur]]-Tableau35[[#This Row],[Compteur3]]) -> 39900 | U18: 315/80R22,5 | V18: POH260032B | W18: 45075 | X18: 397000 | Y18: =80000-(Tableau35[[#This Row],[Compteur]]-Tableau35[[#This Row],[Compteur4]]) -> 39900 | Z18: 315/80R22,5 | AA18: PUH22843B | AB18: 44992 | AC18: 370000 | AD18: =80000-(Tableau35[[#This Row],[Compteur]]-Tableau35[[#This Row],[Compteur5]]) -> 12900 | AE18: 315/80R22,5 | AF18: PLH203329B | AG18: 44992 | AH18: 370000 | AI18: =80000-(Tableau35[[#This Row],[Compteur]]-Tableau35[[#This Row],[Compteur6]]) -> 12900 | AN18: =80000-(Tableau35[[#This Row],[Compteur]]-Tableau35[[#This Row],[Compteur7]]) -> -357100 | AS18: =80000-(Tableau35[[#This Row],[Compteur]]-Tableau35[[#This Row],[Compteur8]]) -> -357100 | AX18: =80000-(Tableau35[[#This Row],[Compteur]]-Tableau35[[#This Row],[Compteur9]]) -> -357100 | BC18: =80000-(Tableau35[[#This Row],[Compteur]]-Tableau35[[#This Row],[Compteur10]]) -> -357100 | BH18: =80000-(Tableau35[[#This Row],[Compteur]]-Tableau35[[#This Row],[Compteur11]]) -> -357100 | BM18: =80000-(Tableau35[[#This Row],[Compteur]]-Tableau35[[#This Row],[Compteur12]]) -> -357100 | BR18: =80000-(Tableau35[[#This Row],[Compteur]]-Tableau35[[#This Row],[Compteur13]]) -> -357100 | BW18: =80000-(Tableau35[[#This Row],[Compteur]]-Tableau35[[#This Row],[Compteur14]]) -> -357100 | CB18: =80000-(Tableau35[[#This Row],[Compteur]]-Tableau35[[#This Row],[CompteurS1]]) -> -357100 | CG18: =80000-(Tableau35[[#This Row],[Compteur]]-Tableau35[[#This Row],[CompteurS2]]) -> -357100
A19: 481 | B19: Camion | C19: VOLVO | D19: 22300-A-73 | E19: 495000 | F19: 295/80R22,5 | G19: LMM6554 | H19: 45204 | I19: 493000 | J19: =80000-(Tableau35[[#This Row],[Compteur]]-Tableau35[[#This Row],[Compteur1]]) -> 78000 | K19: 295/80R22,5 | L19: LMM2554 | M19: 45204 | N19: 493000 | O19: =80000-(Tableau35[[#This Row],[Compteur]]-Tableau35[[#This Row],[Compteur2]]) -> 78000 | P19: 295/80R22,5 | Q19: MDA03563 | R19: 45204 | S19: 493000 | T19: =80000-(Tableau35[[#This Row],[Compteur]]-Tableau35[[#This Row],[Compteur3]]) -> 78000 | U19: 315/80R22,6 | V19: MPL55428 | W19: 45204 | X19: 493000 | Y19: =80000-(Tableau35[[#This Row],[Compteur]]-Tableau35[[#This Row],[Compteur4]]) -> 78000 | Z19: 315/80R22,6 | AA19: LMM54445 | AB19: 44884 | AC19: 419000 | AD19: =80000-(Tableau35[[#This Row],[Compteur]]-Tableau35[[#This Row],[Compteur5]]) -> 4000 | AE19: 315/80R22,6 | AF19: LMM5477 | AG19: 44884 | AH19: 419000 | AI19: =80000-(Tableau35[[#This Row],[Compteur]]-Tableau35[[#This Row],[Compteur6]]) -> 4000 | AN19: =80000-(Tableau35[[#This Row],[Compteur]]-Tableau35[[#This Row],[Compteur7]]) -> -415000 | AS19: =80000-(Tableau35[[#This Row],[Compteur]]-Tableau35[[#This Row],[Compteur8]]) -> -415000 | AX19: =80000-(Tableau35[[#This Row],[Compteur]]-Tableau35[[#This Row],[Compteur9]]) -> -415000 | BC19: =80000-(Tableau35[[#This Row],[Compteur]]-Tableau35[[#This Row],[Compteur10]]) -> -415000 | BH19: =80000-(Tableau35[[#This Row],[Compteur]]-Tableau35[[#This Row],[Compteur11]]) -> -415000 | BM19: =80000-(Tableau35[[#This Row],[Compteur]]-Tableau35[[#This Row],[Compteur12]]) -> -415000 | BR19: =80000-(Tableau35[[#This Row],[Compteur]]-Tableau35[[#This Row],[Compteur13]]) -> -415000 | BW19: =80000-(Tableau35[[#This Row],[Compteur]]-Tableau35[[#This Row],[Compteur14]]) -> -415000 | CB19: =80000-(Tableau35[[#This Row],[Compteur]]-Tableau35[[#This Row],[CompteurS1]]) -> -415000 | CG19: =80000-(Tableau35[[#This Row],[Compteur]]-Tableau35[[#This Row],[CompteurS2]]) -> -415000
